fish_id,date,lat,lon,section,TL,Wt,notes
1,3/13/07,31.25,-81.85833333,3,835,7.5,Mark2007
2,3/13/07,31.24055556,-81.86416667,3,734,5.2,Mark2007
3,3/13/07,31.24055556,-81.86416667,3,405,0.653,Mark2007
4,3/21/07,31.22638889,-81.86666667,3,360,0.45,Mark2007
5,3/21/07,31.24027778,-81.86444444,3,615,2.6,Mark2007
6,3/21/07,31.22638889,-81.86666667,3,689,4,Mark2007
7,3/21/07,31.22638889,-81.86666667,3,535,1.8,Mark2007
8,3/21/07,31.22638889,-81.86666667,3,893,8.5,Mark2007
9,3/21/07,31.22638889,-81.86666667,3,824,7.8,Mark2007
10,3/21/07,31.22638889,-81.86666667,3,628,2.4,Mark2007
11,3/21/07,31.22277778,-81.86777778,3,638,3,Mark2007
12,3/21/07,31.22277778,-81.86777778,3,614,2.2,Mark2007
13,3/21/07,31.22277778,-81.86777778,3,605,2.45,Mark2007
14,3/21/07,31.22277778,-81.86777778,3,736,5.1,Mark2007
15,3/21/07,31.22277778,-81.86777778,3,621,2.9,Mark2007
16,3/23/07,31.20416667,-81.86888889,4,425,0.719,Mark2007
17,3/23/07,31.20416667,-81.86888889,4,656,2.9,Mark2007
18,3/23/07,31.20416667,-81.86888889,4,790,6,Mark2007
19,3/23/07,31.20416667,-81.86888889,4,604,2.6,Mark2007
20,3/23/07,31.20416667,-81.86888889,4,731,4.6,Mark2007
21,3/23/07,31.20416667,-81.86888889,4,690,4.6,Mark2007
22,3/23/07,31.20416667,-81.86888889,4,694,3.6,Mark2007
23,3/23/07,31.20416667,-81.86888889,4,381,0.462,Mark2007
24,3/23/07,31.18361111,-81.87527778,4,765,5.3,Mark2007
25,3/23/07,31.18361111,-81.87527778,4,760,5.8,Mark2007
26,3/23/07,31.18361111,-81.87527778,4,717,4.6,Mark2007
27,3/23/07,31.18361111,-81.87527778,4,1050,12.5,Mark2007
28,3/23/07,31.18361111,-81.87527778,4,810,8.3,Mark2007
29,3/23/07,31.18361111,-81.87527778,4,900,10,Mark2007
30,3/23/07,31.18361111,-81.87527778,4,630,4.1,Mark2007
31,3/23/07,31.18361111,-81.87527778,4,755,4.6,Mark2007
32,3/23/07,31.18361111,-81.87527778,4,805,7,Mark2007
33,3/23/07,31.18361111,-81.87527778,4,760,5.8,Mark2007
34,3/23/07,31.18361111,-81.87527778,4,622,2.6,Mark2007
35,3/23/07,31.18361111,-81.87527778,4,661,3,Mark2007
36,3/23/07,31.18361111,-81.87527778,4,695,3.6,Mark2007
37,3/23/07,31.16638889,-81.86694444,4,665,3.8,Mark2007
38,3/23/07,31.16638889,-81.86694444,4,426,0.802,Mark2007
39,3/23/07,31.16638889,-81.86694444,4,670,3.5,Mark2007
40,3/23/07,31.16638889,-81.86694444,4,633,3,Mark2007
41,3/23/07,31.16638889,-81.86694444,4,459,1.07,Mark2007
42,3/23/07,31.16027778,-81.85916667,4,628,3.2,Mark2007
43,3/23/07,31.16027778,-81.85916667,4,610,2.8,Mark2007
44,3/27/07,31.15888889,-81.85861111,5,718,4.8,Mark2007
45,3/27/07,31.15888889,-81.85861111,5,740,4.7,Mark2007
46,3/27/07,31.15888889,-81.85861111,5,760,5.2,Mark2007
47,3/27/07,31.15888889,-81.85861111,5,680,4,Mark2007
48,3/27/07,31.15888889,-81.85861111,5,830,6.7,Mark2007
49,3/27/07,31.15888889,-81.85861111,5,551,1.5,Mark2007
50,3/27/07,31.15888889,-81.85861111,5,866,8.5,Mark2007
51,3/27/07,31.15888889,-81.85861111,5,580,1.9,Mark2007
52,3/27/07,31.15888889,-81.85861111,5,630,2.8,Mark2007
53,3/27/07,31.15888889,-81.85861111,5,710,3.6,Mark2007
54,3/27/07,31.15888889,-81.85861111,5,411,0.522,Mark2007
55,3/27/07,31.15888889,-81.85861111,5,391,0.471,Mark2007
56,3/27/07,31.15888889,-81.85861111,5,455,0.814,Mark2007
57,3/27/07,31.14222222,-81.86472222,5,1060,21.5,Mark2007
58,3/27/07,31.14222222,-81.86472222,5,1033,15,Mark2007
59,3/27/07,31.14222222,-81.86472222,5,890,12.5,Mark2007
60,3/27/07,31.14222222,-81.86472222,5,930,15.8,Mark2007
61,3/27/07,31.14222222,-81.86472222,5,890,10,Mark2007
62,3/27/07,31.14222222,-81.86472222,5,890,9.7,Mark2007
63,3/27/07,31.14222222,-81.86472222,5,970,14.5,Mark2007
64,3/27/07,31.15888889,-81.85861111,5,720,4.9,Mark2007
65,3/27/07,31.15888889,-81.85861111,5,725,5,Mark2007
66,3/27/07,31.15888889,-81.85861111,5,685,3.9,Mark2007
67,3/27/07,31.15888889,-81.85861111,5,800,7,Mark2007
68,3/27/07,31.15888889,-81.85861111,5,695,4.3,Mark2007
69,3/27/07,31.15888889,-81.85861111,5,650,3.9,Mark2007
70,3/27/07,31.15888889,-81.85861111,5,660,3.6,Mark2007
71,3/27/07,31.15888889,-81.85861111,5,610,2.9,Mark2007
73,3/27/07,31.15888889,-81.85861111,5,639,3.7,Mark2007
74,3/27/07,31.15888889,-81.85861111,5,595,2.6,Mark2007
75,3/27/07,31.15888889,-81.85861111,5,530,2,Mark2007
76,3/27/07,31.15888889,-81.85861111,5,481,1.6,Mark2007
77,3/27/07,31.15888889,-81.85861111,5,533,1.6,Mark2007
78,3/27/07,31.15888889,-81.85861111,5,466,1,Mark2007
79,3/27/07,31.15888889,-81.85861111,5,580,2.1,Mark2007
80,3/27/07,31.15888889,-81.85861111,5,575,2.1,Mark2007
81,3/27/07,31.15888889,-81.85861111,5,557,2.2,Mark2007
82,3/29/07,31.115,-81.90388889,6,721,4.4,Mark2007
83,3/29/07,31.115,-81.90388889,6,670,3.5,Mark2007
84,3/29/07,31.115,-81.90388889,6,526,2.1,Mark2007
85,3/29/07,31.115,-81.90388889,6,710,4.2,Mark2007
86,3/29/07,31.115,-81.90388889,6,363,0.416,Mark2007
87,3/29/07,31.115,-81.90388889,6,632,2.9,Mark2007
88,3/29/07,31.115,-81.90388889,6,552,2.3,Mark2007
89,3/29/07,31.10388889,-81.90944444,6,771,5.1,Mark2007
90,3/29/07,31.10388889,-81.90944444,6,702,3.5,Mark2007
91,3/29/07,31.10388889,-81.90944444,6,562,1.9,Mark2007
92,3/29/07,31.10388889,-81.90944444,6,616,2.1,Mark2007
93,3/29/07,31.10388889,-81.90944444,6,628,2.6,Mark2007
94,3/29/07,31.10388889,-81.90944444,6,679,2.8,Mark2007
95,3/29/07,31.10388889,-81.90944444,6,600,2.6,Mark2007
96,3/29/07,31.10388889,-81.90944444,6,642,2.5,Mark2007
97,3/29/07,31.10388889,-81.90944444,6,614,2.1,Mark2007
98,3/29/07,31.10305556,-81.91194444,6,630,3.2,Mark2007
99,3/29/07,31.10305556,-81.91194444,6,715,4.5,Mark2007
100,3/29/07,31.10305556,-81.91194444,6,614,2.9,Mark2007
101,3/28/07,31.13472222,-81.87194444,5,750,6.4,Mark2007
102,3/28/07,31.13472222,-81.87194444,5,780,5,Mark2007
103,3/28/07,31.13472222,-81.87194444,5,432,0.826,Mark2007
104,3/28/07,31.13472222,-81.87194444,5,825,6.1,Mark2007
105,3/28/07,31.13472222,-81.87194444,5,777,5.4,Mark2007
106,3/28/07,31.13472222,-81.87194444,5,975,13,Mark2007
107,3/28/07,31.12666667,-81.89222222,5,785,5.8,Mark2007
108,3/28/07,31.12666667,-81.89222222,5,650,3.4,Mark2007
109,3/28/07,31.12666667,-81.89222222,5,405,0.635,Mark2007
110,3/28/07,31.12666667,-81.89222222,5,630,3.2,Mark2007
111,3/28/07,31.12666667,-81.89222222,5,595,2.8,Mark2007
112,3/28/07,31.12666667,-81.89222222,5,575,2,Mark2007
113,3/28/07,31.12666667,-81.89222222,5,590,1.7,Mark2007
114,3/28/07,31.12361111,-81.89194444,6,960,10.8,Mark2007
115,3/28/07,31.12361111,-81.89194444,6,755,5.2,Mark2007
116,3/28/07,31.12361111,-81.89194444,6,740,6.1,Mark2007
117,3/28/07,31.12361111,-81.89194444,6,590,2.1,Mark2007
118,3/28/07,31.12361111,-81.89194444,6,640,2.8,Mark2007
119,3/28/07,31.12361111,-81.89194444,6,670,3.4,Mark2007
120,3/28/07,31.12361111,-81.89194444,6,572,2.4,Mark2007
121,3/28/07,31.12361111,-81.89194444,6,580,2.1,Mark2007
122,3/28/07,31.12361111,-81.89194444,6,724,4.9,Mark2007
123,3/28/07,31.12361111,-81.89194444,6,642,2.9,Mark2007
124,3/28/07,31.12361111,-81.89194444,6,970,12.3,Mark2007
125,3/28/07,31.12361111,-81.89194444,6,900,11.9,Mark2007
126,3/28/07,31.12361111,-81.89194444,6,748,5.7,Mark2007
127,3/28/07,31.12361111,-81.89194444,6,636,3.8,Mark2007
128,3/28/07,31.12361111,-81.89194444,6,890,13.3,Mark2007
129,3/28/07,31.12361111,-81.89194444,6,925,13,Mark2007
130,3/28/07,31.12361111,-81.89194444,6,757,5.8,Mark2007
131,3/28/07,31.12361111,-81.89194444,6,550,1.7,Mark2007
132,3/28/07,31.1225,-81.89277778,6,391,0.5,Mark2007
133,3/28/07,31.1225,-81.89277778,6,697,4.4,Mark2007
134,3/28/07,31.1225,-81.89277778,6,601,2.8,Mark2007
135,3/28/07,31.1225,-81.89277778,6,715,4.5,Mark2007
136,3/28/07,31.1225,-81.89277778,6,602,3.5,Mark2007
137,3/28/07,31.1225,-81.89277778,6,755,6.4,Mark2007
138,3/28/07,31.1225,-81.89277778,6,1005,16.1,Mark2007
139,3/28/07,31.1225,-81.89277778,6,600,4,Mark2007
140,3/28/07,31.1225,-81.89277778,6,722,6.4,Mark2007
141,3/28/07,31.115,-81.90027778,6,493,1.3,Mark2007
142,3/28/07,31.115,-81.90027778,6,662,3.5,Mark2007
143,3/28/07,31.115,-81.90027778,6,562,2.6,Mark2007
144,3/28/07,31.115,-81.90027778,6,635,2.7,Mark2007
145,3/28/07,31.115,-81.90027778,6,580,2.5,Mark2007
146,3/28/07,31.115,-81.90027778,6,753,5.9,Mark2007
147,3/28/07,31.115,-81.90027778,6,519,1.35,Mark2007
148,3/28/07,31.115,-81.90027778,6,796,7.2,Mark2007
149,3/28/07,31.115,-81.90027778,6,608,3,Mark2007
150,3/28/07,31.115,-81.90027778,6,492,1.27,Mark2007
151,3/28/07,31.115,-81.90027778,6,612,2.9,Mark2007
152,3/28/07,31.115,-81.90027778,6,596,2.6,Mark2007
153,3/29/07,31.10305556,-81.91194444,6,690,4.3,Mark2007
154,3/29/07,31.10305556,-81.91194444,6,661,3.6,Mark2007
155,3/29/07,31.10305556,-81.91194444,6,795,6.8,Mark2007
156,3/29/07,31.10305556,-81.91194444,6,699,3.3,Mark2007
157,3/29/07,31.10305556,-81.91194444,6,895,12.3,Mark2007
158,3/29/07,31.10305556,-81.91194444,6,655,2.9,Mark2007
159,3/29/07,31.10305556,-81.91194444,6,740,4.7,Mark2007
160,3/29/07,31.10305556,-81.91194444,6,586,2,Mark2007
161,3/29/07,31.10305556,-81.91194444,6,588,2.3,Mark2007
162,3/29/07,31.10305556,-81.91194444,6,480,1.1,Mark2007
163,3/29/07,31.10305556,-81.91194444,6,627,2.7,Mark2007
164,3/29/07,31.10305556,-81.91194444,6,647,3.3,Mark2007
165,3/29/07,31.09472222,-81.91416667,6,607,2.7,Mark2007
166,3/29/07,31.09472222,-81.91416667,6,707,4.3,Mark2007
167,3/29/07,31.09472222,-81.91416667,6,702,4.4,Mark2007
168,3/29/07,31.09472222,-81.91416667,6,660,3.5,Mark2007
169,3/29/07,31.09472222,-81.91416667,6,587,2.1,Mark2007
170,3/29/07,31.09472222,-81.91416667,6,655,3.3,Mark2007
171,3/29/07,31.09472222,-81.91416667,6,562,2.3,Mark2007
172,3/29/07,31.09472222,-81.91416667,6,535,1.7,Mark2007
173,3/29/07,31.09472222,-81.91416667,6,507,1.5,Mark2007
174,3/29/07,31.09472222,-81.91416667,6,710,5.5,Mark2007
175,3/29/07,31.09472222,-81.91416667,6,604,2.8,Mark2007
176,3/29/07,31.09472222,-81.91416667,6,668,3.5,Mark2007
177,3/29/07,31.09472222,-81.91416667,6,450,1,Mark2007
178,3/29/07,31.09472222,-81.91416667,6,650,3.1,Mark2007
179,3/29/07,31.07805556,-81.92694444,6,731,5.2,Mark2007
180,3/29/07,31.07805556,-81.92694444,6,776,7.4,Mark2007
181,3/29/07,31.07805556,-81.92694444,6,710,5.5,Mark2007
182,3/29/07,31.07805556,-81.92694444,6,679,4,Mark2007
183,3/29/07,31.07805556,-81.92694444,6,487,1.3,Mark2007
185,3/29/07,31.07805556,-81.92694444,6,661,3.7,Mark2007
186,3/29/07,31.07805556,-81.92694444,6,549,1.8,Mark2007
187,3/29/07,31.07805556,-81.92694444,6,645,3.1,Mark2007
188,3/29/07,31.05972222,-81.93611111,6,1112,24.5,Mark2007
189,3/29/07,31.05972222,-81.93611111,6,1120,19.5,Mark2007
190,3/29/07,31.05972222,-81.93611111,6,691,4.2,Mark2007
191,3/29/07,31.05972222,-81.93611111,6,606,2.2,Mark2007
192,3/29/07,31.05972222,-81.93611111,6,805,6.5,Mark2007
193,3/29/07,31.05972222,-81.93611111,6,404,0.9,Mark2007
194,3/29/07,31.05972222,-81.93611111,6,620,3,Mark2007
195,3/29/07,31.05972222,-81.93611111,6,880,8.6,Mark2007
196,4/3/07,31.05083333,-81.93722222,7,554,1.6,Mark2007
197,4/3/07,31.05083333,-81.93722222,7,795,6.5,Mark2007
198,4/3/07,31.05083333,-81.93722222,7,640,2.7,Mark2007
199,4/3/07,31.05083333,-81.93722222,7,637,2.8,Mark2007
200,4/3/07,31.05083333,-81.93722222,7,741,5.5,Mark2007
201,4/3/07,31.05083333,-81.93722222,7,823,7.4,Mark2007
202,4/3/07,31.05083333,-81.93722222,7,790,6.5,Mark2007
203,4/3/07,31.04277778,-81.92166667,7,840,8.2,Mark2007
204,4/3/07,31.04361111,-81.91861111,7,807,6.7,Mark2007
205,4/3/07,31.04361111,-81.91861111,7,815,6.6,Mark2007
206,4/3/07,31.04361111,-81.91861111,7,672,3.2,Mark2007
207,4/3/07,31.04361111,-81.91861111,7,670,4.4,Mark2007
208,4/3/07,31.04361111,-81.91861111,7,430,0.65,Mark2007
209,4/3/07,31.04361111,-81.91861111,7,690,3.9,Mark2007
210,4/3/07,31.05083333,-81.93722222,7,535,1.7,Mark2007
211,4/3/07,31.05083333,-81.93722222,7,476,1.2,Mark2007
212,4/3/07,31.05083333,-81.93722222,7,543,1.7,Mark2007
213,4/3/07,31.05083333,-81.93722222,7,490,1.3,Mark2007
214,4/3/07,31.05083333,-81.93722222,7,647,3.3,Mark2007
215,4/3/07,31.05083333,-81.93722222,7,590,2.5,Mark2007
216,4/3/07,31.05083333,-81.93722222,7,497,1.5,Mark2007
217,4/3/07,31.05083333,-81.93722222,7,582,2.3,Mark2007
218,4/3/07,31.05083333,-81.93722222,7,755,5.3,Mark2007
219,4/3/07,31.05083333,-81.93722222,7,535,1.5,Mark2007
220,4/3/07,31.05083333,-81.93722222,7,630,3.3,Mark2007
221,4/3/07,31.05083333,-81.93722222,7,625,3,Mark2007
222,4/5/07,30.98805556,-81.91416667,8,723,4.2,Mark2007
223,4/5/07,30.98805556,-81.91416667,8,774,6.2,Mark2007
224,4/5/07,30.98805556,-81.91416667,8,677,3.9,Mark2007
225,4/3/07,31.05083333,-81.93722222,7,632,2.6,Mark2007
226,4/4/07,31.03611111,-81.90611111,7,645,2.9,Mark2007
227,4/4/07,31.03611111,-81.90611111,7,689,3.5,Mark2007
228,4/4/07,31.03611111,-81.90611111,7,626,2.6,Mark2007
229,4/4/07,31.03611111,-81.90611111,7,425,0.5,Mark2007
230,4/4/07,31.03611111,-81.90611111,7,632,2.1,Mark2007
231,4/4/07,31.03611111,-81.90611111,7,545,1.9,Mark2007
232,4/4/07,31.03611111,-81.90611111,7,824,6.3,Mark2007
233,4/4/07,31.03611111,-81.90611111,7,537,1.6,Mark2007
234,4/4/07,31.03611111,-81.90611111,7,645,3.9,Mark2007
235,4/4/07,31.03611111,-81.90611111,7,690,3.8,Mark2007
236,4/4/07,31.02944444,-81.90333333,7,491,1.6,Mark2007
237,4/4/07,31.02944444,-81.90333333,7,822,7.5,Mark2007
238,4/4/07,31.02944444,-81.90333333,7,661,3.5,Mark2007
239,4/4/07,31.02944444,-81.90333333,7,482,1.2,Mark2007
240,4/4/07,31.02944444,-81.90333333,7,682,4.2,Mark2007
241,4/4/07,31.02944444,-81.90333333,7,627,3,Mark2007
242,4/4/07,31.02944444,-81.90333333,7,532,1.9,Mark2007
243,4/4/07,31.02305556,-81.90694444,7,530,1.6,Mark2007
244,4/4/07,31.02305556,-81.90694444,7,657,3.6,Mark2007
245,4/4/07,31.02305556,-81.90694444,7,702,4.1,Mark2007
246,4/4/07,31.02305556,-81.90694444,7,678,3.9,Mark2007
247,4/4/07,31.02305556,-81.90694444,7,785,6.8,Mark2007
248,4/4/07,31.02305556,-81.90694444,7,678,4.1,Mark2007
249,4/4/07,31.02305556,-81.90694444,7,607,3.1,Mark2007
250,4/4/07,31.02305556,-81.90694444,7,631,3.1,Mark2007
251,4/4/07,31.02305556,-81.90694444,7,582,2.6,Mark2007
252,4/4/07,31.02305556,-81.90694444,7,510,1.2,Mark2007
253,4/4/07,31.01916667,-81.90583333,7,663,3.3,Mark2007
254,4/4/07,31.01916667,-81.90583333,7,503,1.3,Mark2007
255,4/4/07,31.01916667,-81.90583333,7,744,5.6,Mark2007
256,4/4/07,31.01916667,-81.90583333,7,786,6.4,Mark2007
257,4/4/07,31.01916667,-81.90583333,7,714,4.7,Mark2007
258,4/4/07,31.01916667,-81.90583333,7,598,3.1,Mark2007
259,4/4/07,31.01916667,-81.90583333,7,505,1.7,Mark2007
260,4/4/07,31.01916667,-81.90583333,7,830,6.8,Mark2007
261,4/4/07,31.01472222,-81.90833333,7,727,4.3,Mark2007
262,4/4/07,31.01472222,-81.90833333,7,890,8.9,Mark2007
263,4/4/07,31.01472222,-81.90833333,7,770,5.4,Mark2007
264,4/4/07,31.01472222,-81.90833333,7,615,3,Mark2007
265,4/4/07,31.01472222,-81.90833333,7,591,2.6,Mark2007
266,4/4/07,31.01472222,-81.90833333,7,585,2.4,Mark2007
267,4/4/07,31.01472222,-81.90833333,7,695,3.8,Mark2007
268,4/4/07,31.01472222,-81.90833333,7,676,3.8,Mark2007
269,4/4/07,31.01472222,-81.90833333,7,675,4,Mark2007
270,4/4/07,31.01472222,-81.90833333,7,713,4.4,Mark2007
271,4/4/07,31.01472222,-81.90833333,7,691,3.9,Mark2007
272,4/4/07,31.01472222,-81.90833333,7,1080,19.8,Mark2007
273,4/4/07,31.01472222,-81.90833333,7,617,3.2,Mark2007
274,4/4/07,31.01472222,-81.90833333,7,935,16.5,Mark2007
275,4/4/07,31.01472222,-81.90833333,7,720,5.3,Mark2007
276,4/4/07,31.01472222,-81.90833333,7,731,4.9,Mark2007
277,4/4/07,31.01472222,-81.90833333,7,765,7.4,Mark2007
278,4/4/07,31.01472222,-81.90833333,7,652,3.9,Mark2007
279,4/4/07,31.01472222,-81.90833333,7,697,4.9,Mark2007
280,4/4/07,31.00027778,-81.90722222,7,763,5.9,Mark2007
281,4/4/07,31.00027778,-81.90722222,7,770,6.2,Mark2007
282,4/4/07,31.00027778,-81.90722222,7,640,3.1,Mark2007
283,4/4/07,31.00027778,-81.90722222,7,625,3.3,Mark2007
284,4/4/07,31.00027778,-81.90722222,7,498,1.5,Mark2007
285,4/4/07,31.00027778,-81.90722222,7,729,5.4,Mark2007
286,4/4/07,31.00027778,-81.90722222,7,539,2.2,Mark2007
287,4/4/07,31.00027778,-81.90722222,7,547,2.3,Mark2007
288,4/4/07,31.00027778,-81.90722222,7,555,1.9,Mark2007
289,4/4/07,31.00027778,-81.90722222,7,565,2.2,Mark2007
290,4/4/07,31.00027778,-81.90722222,7,689,3.1,Mark2007
291,4/4/07,31.00027778,-81.90722222,7,650,3.1,Mark2007
292,4/5/07,30.98805556,-81.91416667,8,689,4.2,Mark2007
293,4/5/07,30.98805556,-81.91416667,8,715,4.4,Mark2007
294,4/5/07,30.98805556,-81.91416667,8,740,4.9,Mark2007
295,4/5/07,30.98805556,-81.91416667,8,777,6.9,Mark2007
296,4/5/07,30.98805556,-81.91416667,8,774,5.9,Mark2007
297,4/5/07,30.98805556,-81.91416667,8,650,3.2,Mark2007
298,4/5/07,30.98805556,-81.91416667,8,593,2.4,Mark2007
299,4/5/07,30.98805556,-81.91416667,8,885,10.7,Mark2007
300,4/5/07,30.98805556,-81.91416667,8,810,6.5,Mark2007
301,4/5/07,30.98805556,-81.91416667,8,680,3.6,Mark2007
302,4/5/07,30.98805556,-81.91416667,8,614,2.5,Mark2007
303,4/5/07,30.98805556,-81.91416667,8,710,4.3,Mark2007
304,4/5/07,30.98805556,-81.91416667,8,623,2.6,Mark2007
305,4/5/07,30.98805556,-81.91416667,8,575,2,Mark2007
306,4/5/07,30.98805556,-81.91416667,8,616,3,Mark2007
307,4/5/07,30.98805556,-81.91416667,8,673,3.6,Mark2007
308,4/5/07,30.98805556,-81.91416667,8,745,4.9,Mark2007
309,4/5/07,30.98805556,-81.91416667,8,812,6.9,Mark2007
310,4/5/07,30.98805556,-81.91416667,8,513,1.35,Mark2007
311,4/5/07,30.98805556,-81.91416667,8,650,3.1,Mark2007
312,4/5/07,30.98805556,-81.91416667,8,749,4.9,Mark2007
313,4/5/07,30.98805556,-81.91416667,8,580,2.1,Mark2007
314,4/5/07,30.98805556,-81.91416667,8,447,0.8,Mark2007
315,4/5/07,30.98222222,-81.91638889,8,409,0.7,Mark2007
316,4/5/07,30.98222222,-81.91638889,8,631,2.7,Mark2007
317,4/5/07,30.98222222,-81.91638889,8,633,2.8,Mark2007
318,4/5/07,30.98222222,-81.91638889,8,805,7.2,Mark2007
319,4/5/07,30.98222222,-81.91638889,8,495,1.5,Mark2007
320,4/5/07,30.98222222,-81.91638889,8,777,6.1,Mark2007
321,4/5/07,30.98222222,-81.91638889,8,627,2.9,Mark2007
322,4/5/07,30.98222222,-81.91638889,8,832,9.2,Mark2007
323,4/5/07,30.98222222,-81.91638889,8,909,11.1,Mark2007
324,4/5/07,30.98222222,-81.91638889,8,661,3.5,Mark2007
325,4/5/07,30.98222222,-81.91638889,8,635,3.1,Mark2007
326,4/5/07,30.98222222,-81.91638889,8,665,3.3,Mark2007
327,4/5/07,30.98222222,-81.91638889,8,654,3.1,Mark2007
328,4/5/07,30.98222222,-81.91638889,8,445,1.1,Mark2007
329,4/5/07,30.98222222,-81.91638889,8,615,2.6,Mark2007
330,4/5/07,30.98222222,-81.91638889,8,558,2,Mark2007
331,4/5/07,30.98222222,-81.91638889,8,451,1.1,Mark2007
332,4/5/07,30.98222222,-81.91638889,8,396,0.7,Mark2007
333,4/5/07,30.98222222,-81.91638889,8,609,2.8,Mark2007
334,4/5/07,30.98222222,-81.91638889,8,667,3.2,Mark2007
335,4/5/07,30.98222222,-81.91638889,8,712,4.9,Mark2007
336,4/5/07,30.98222222,-81.91638889,8,710,4,Mark2007
337,4/5/07,30.98222222,-81.91638889,8,546,1.7,Mark2007
338,4/5/07,30.98222222,-81.91638889,8,702,4.2,Mark2007
339,4/5/07,30.98222222,-81.91638889,8,502,1.6,Mark2007
340,4/5/07,30.98222222,-81.91638889,8,553,2,Mark2007
341,4/5/07,30.98222222,-81.91638889,8,601,2.2,Mark2007
342,4/5/07,30.98222222,-81.91638889,8,461,0.9,Mark2007
343,4/5/07,30.97166667,-81.90722222,8,663,4,Mark2007
344,4/5/07,30.97166667,-81.90722222,8,743,5.2,Mark2007
345,4/5/07,30.97166667,-81.90722222,8,572,2.3,Mark2007
346,4/5/07,30.97166667,-81.90722222,8,681,4.3,Mark2007
347,4/5/07,30.97166667,-81.90722222,8,536,1.8,Mark2007
348,4/5/07,30.97166667,-81.90722222,8,607,2.9,Mark2007
349,4/5/07,30.97166667,-81.90722222,8,700,4.4,Mark2007
350,4/5/07,30.97166667,-81.90722222,8,471,1.2,Mark2007
351,4/5/07,30.97166667,-81.90722222,8,718,4.9,Mark2007
352,4/5/07,30.97166667,-81.90722222,8,425,1,Mark2007
353,4/5/07,30.97166667,-81.90722222,8,582,2.4,Mark2007
354,4/5/07,30.97166667,-81.90722222,8,593,2.45,Mark2007
355,4/5/07,30.97166667,-81.90722222,8,411,0.9,Mark2007
356,4/5/07,30.97166667,-81.90722222,8,417,0.9,Mark2007
357,4/5/07,30.97166667,-81.90722222,8,841,9.6,Mark2007
358,4/5/07,30.97166667,-81.90722222,8,762,7,Mark2007
359,4/5/07,30.97166667,-81.90722222,8,696,5,Mark2007
360,4/5/07,30.96888889,-81.90722222,8,578,2.3,Mark2007
361,4/5/07,30.96888889,-81.90722222,8,672,3.9,Mark2007
362,4/5/07,30.96888889,-81.90722222,8,618,3,Mark2007
363,4/5/07,30.96888889,-81.90722222,8,541,1.9,Mark2007
364,4/5/07,30.96888889,-81.90722222,8,579,3,Mark2007
365,4/5/07,30.96888889,-81.90722222,8,465,1.4,Mark2007
366,4/5/07,30.96888889,-81.90722222,8,691,3.7,Mark2007
367,4/5/07,30.96888889,-81.90722222,8,577,1.95,Mark2007
368,4/5/07,30.96888889,-81.90722222,8,574,2.2,Mark2007
369,4/5/07,30.96888889,-81.90722222,8,581,2.5,Mark2007
370,4/5/07,30.96888889,-81.90722222,8,585,2.3,Mark2007
371,4/5/07,30.96888889,-81.90722222,8,559,2.2,Mark2007
372,4/5/07,30.96888889,-81.90722222,8,582,2.4,Mark2007
373,4/5/07,30.96888889,-81.90722222,8,697,4,Mark2007
374,4/5/07,30.96888889,-81.90722222,8,476,1.2,Mark2007
375,4/5/07,30.96888889,-81.90722222,8,535,1.7,Mark2007
376,4/5/07,30.96888889,-81.90722222,8,557,1.75,Mark2007
377,4/5/07,30.96888889,-81.90722222,8,635,3,Mark2007
378,4/5/07,30.96888889,-81.90722222,8,746,4.8,Mark2007
379,4/5/07,30.96888889,-81.90722222,8,380,0.4,Mark2007
380,4/5/07,30.96888889,-81.90722222,8,608,2.4,Mark2007
381,4/5/07,30.96888889,-81.90722222,8,510,1.5,Mark2007
382,4/5/07,30.96888889,-81.90722222,8,476,0.9,Mark2007
383,4/5/07,30.96888889,-81.90722222,8,725,4.8,Mark2007
384,4/5/07,30.96583333,-81.90305556,8,822,6.6,Mark2007
385,4/5/07,30.96583333,-81.90305556,8,680,3.6,Mark2007
386,4/5/07,30.96583333,-81.90305556,8,595,2.1,Mark2007
387,4/5/07,30.96583333,-81.90305556,8,695,3.5,Mark2007
388,4/5/07,30.96583333,-81.90305556,8,577,1.8,Mark2007
389,4/5/07,30.96583333,-81.90305556,8,385,0.5,Mark2007
390,4/5/07,30.96583333,-81.90305556,8,543,1.6,Mark2007
391,4/5/07,30.96583333,-81.90305556,8,690,3.8,Mark2007
392,4/5/07,30.96583333,-81.90305556,8,457,0.9,Mark2007
393,4/5/07,30.96583333,-81.90305556,8,376,0.4,Mark2007
394,4/5/07,30.96583333,-81.90305556,8,684,3.2,Mark2007
395,4/5/07,30.96583333,-81.90305556,8,470,0.9,Mark2007
396,4/5/07,30.96583333,-81.90305556,8,430,0.7,Mark2007
397,4/5/07,30.96583333,-81.90305556,8,756,5.6,Mark2007
398,4/5/07,30.96583333,-81.90305556,8,825,10.8,Mark2007
399,4/5/07,30.96583333,-81.90305556,8,537,1.8,Mark2007
400,4/5/07,30.96583333,-81.90305556,8,584,2,Mark2007
401,4/5/07,30.96583333,-81.90305556,8,722,5,Mark2007
402,4/5/07,30.96583333,-81.90305556,8,557,1.7,Mark2007
403,4/5/07,30.96583333,-81.90305556,8,515,1.6,Mark2007
404,4/5/07,30.96583333,-81.90305556,8,780,7,Mark2007
405,4/5/07,30.96583333,-81.90305556,8,675,3.7,Mark2007
406,4/5/07,30.96583333,-81.90305556,8,672,3.7,Mark2007
407,4/5/07,30.96583333,-81.90305556,8,544,2,Mark2007
408,4/5/07,30.96583333,-81.90305556,8,599,2.9,Mark2007
409,4/5/07,30.96583333,-81.90305556,8,803,6.8,Mark2007
410,4/5/07,30.96583333,-81.90305556,8,535,1.7,Mark2007
411,4/5/07,30.96583333,-81.90305556,8,600,3.1,Mark2007
412,4/5/07,30.96583333,-81.90305556,8,587,2.1,Mark2007
413,4/5/07,30.96583333,-81.90305556,8,647,3.1,Mark2007
414,4/5/07,30.96583333,-81.90305556,8,684,3.5,Mark2007
415,4/5/07,30.96583333,-81.90305556,8,415,0.5,Mark2007
416,4/5/07,30.96583333,-81.90305556,8,685,3.4,Mark2007
417,4/5/07,30.96583333,-81.90305556,8,697,3.6,Mark2007
418,4/5/07,30.96583333,-81.90305556,8,557,1.9,Mark2007
419,4/5/07,30.96583333,-81.90305556,8,640,2.9,Mark2007
420,4/5/07,30.96583333,-81.90305556,8,412,0.7,Mark2007
421,4/5/07,30.96583333,-81.90305556,8,638,3.3,Mark2007
422,4/5/07,30.96583333,-81.90305556,8,757,5.6,Mark2007
423,4/5/07,30.96583333,-81.90305556,8,609,2.4,Mark2007
424,4/5/07,30.96583333,-81.90305556,8,480,1,Mark2007
425,4/5/07,30.96583333,-81.90305556,8,441,0.8,Mark2007
426,4/5/07,30.96583333,-81.90305556,8,580,2.2,Mark2007
427,4/12/07,31.15888889,-81.85861111,5,426,0.8,Mark2007
428,4/12/07,31.15888889,-81.85861111,5,626,2.6,Mark2007
429,4/12/07,31.15888889,-81.85861111,5,843,8.3,Mark2007
430,4/12/07,31.15888889,-81.85861111,5,912,9.7,Mark2007
431,4/12/07,31.15888889,-81.85861111,5,755,5.7,Mark2007
432,4/12/07,31.15888889,-81.85861111,5,647,2.9,Mark2007
433,4/12/07,31.15888889,-81.85861111,5,682,3.9,Mark2007
434,4/16/07,31.125,-81.89444444,6,783,5.9,Mark2007
435,4/16/07,31.125,-81.89444444,6,806,7,Mark2007
436,4/16/07,31.125,-81.89444444,6,715,5.5,Mark2007
437,4/16/07,31.125,-81.89444444,6,736,5.9,Mark2007
438,4/16/07,31.125,-81.89444444,6,696,4.1,Mark2007
439,4/16/07,31.125,-81.89444444,6,767,6.3,Mark2007
440,4/16/07,31.125,-81.89444444,6,787,5.6,Mark2007
441,4/16/07,31.125,-81.89444444,6,851,9.1,Mark2007
442,4/16/07,31.125,-81.89444444,6,710,4.8,Mark2007
443,4/17/07,30.97472222,-81.91333333,8,724,4.6,Mark2007
444,4/17/07,30.97472222,-81.91333333,8,651,4,Mark2007
445,4/17/07,30.97472222,-81.91333333,8,885,9.6,Mark2007
446,4/17/07,30.97472222,-81.91333333,8,692,4.4,Mark2007
447,4/23/07,30.97472222,-81.91694444,8,593,2.5,Mark2007
448,4/23/07,30.97472222,-81.91694444,8,487,1.2,Mark2007
449,4/23/07,30.97472222,-81.91694444,8,645,3.2,Mark2007
450,4/23/07,30.97472222,-81.91694444,8,672,3.3,Mark2007
451,4/23/07,30.97472222,-81.91694444,8,552,1.8,Mark2007
452,4/23/07,30.97472222,-81.91694444,8,547,2,Mark2007
453,4/23/07,30.97472222,-81.91222222,8,705,4.1,Mark2007
454,4/23/07,30.97472222,-81.91222222,8,730,5.8,Mark2007
455,4/23/07,30.97472222,-81.91222222,8,660,4,Mark2007
456,4/23/07,30.97472222,-81.91222222,8,751,6.1,Mark2007
457,4/23/07,30.97472222,-81.91222222,8,392,0.5,Mark2007
458,4/23/07,30.97472222,-81.91222222,8,565,2.5,Mark2007
459,4/23/07,30.97472222,-81.91222222,8,1025,16.2,Mark2007
460,4/23/07,30.97472222,-81.91222222,8,850,9.3,Mark2007
461,4/23/07,30.97472222,-81.91222222,8,855,9.2,Mark2007
462,4/23/07,30.97472222,-81.91222222,8,783,7,Mark2007
463,4/23/07,30.97472222,-81.91222222,8,650,3.7,Mark2007
464,4/23/07,30.97472222,-81.91222222,8,617,2.6,Mark2007
465,4/23/07,30.97444444,-81.91222222,8,625,4,Mark2007
466,4/23/07,30.97444444,-81.91222222,8,394,0.5,Mark2007
467,4/23/07,30.97444444,-81.91222222,8,735,5,Mark2007
468,4/23/07,30.97444444,-81.91222222,8,615,3.1,Mark2007
469,4/23/07,30.97444444,-81.91222222,8,466,0.7,Mark2007
470,4/23/07,30.97444444,-81.91222222,8,747,5.3,Mark2007
471,4/23/07,30.97444444,-81.91222222,8,907,10.6,Mark2007
472,4/23/07,30.97444444,-81.91222222,8,485,1.3,Mark2007
473,4/23/07,30.97444444,-81.91222222,8,541,1.6,Mark2007
17,5/3/07,31.21361111,-81.86694444,4,653,2.6,Recap2007
19,5/3/07,31.21361111,-81.86694444,4,595,2.8,Recap2007
N/A,5/3/07,31.21361111,-81.86694444,4,728,4.5,Recap2007
78,5/3/07,31.16416667,-81.85861111,4,457,0.79,Recap2007
302,5/8/07,30.99055556,-81.91583333,8,608,2.5,Recap2007
341,5/8/07,30.98777778,-81.91388889,8,601,2.3,Recap2007
391,5/10/07,30.90166667,-81.87805556,9,694,4.4,Recap2007
70,5/14/07,31.15805556,-81.85944444,5,666,3,Recap2007
64,5/14/07,31.15805556,-81.85944444,5,718,4.3,Recap2007
430,5/14/07,31.15805556,-81.85944444,5,918,10.3,Recap2007
73,5/14/07,31.14583333,-81.86222222,5,630,3,Recap2007
N/A,5/15/07,31.14138889,-81.865,5,636,3.2,Recap2007
110,5/16/07,31.12333333,-81.89555556,6,717,4.5,Recap2007
N/A,5/16/07,31.12333333,-81.89555556,6,616,2.9,Recap2007
150,5/16/07,31.11944444,-81.89694444,6,498,1.8,Recap2007
93,5/16/07,31.10416667,-81.90916667,6,622,2.8,Recap2007
172,5/16/07,31.10416667,-81.90916667,6,531,1.7,Recap2007
N/A,5/16/07,31.10416667,-81.90916667,6,623,2.7,Recap2007
95,5/16/07,31.07777778,-81.9275,6,602,2.5,Recap2007
N/A,5/17/07,31.05027778,-81.93666667,7,734,5.4,Recap2007
215,5/17/07,31.04916667,-81.93388889,7,587,2.4,Recap2007
N/A,5/17/07,31.04916667,-81.93388889,7,612,2.5,Recap2007
N/A,5/17/07,31.04916667,-81.93388889,7,539,1.7,Recap2007
N/A,5/17/07,31.04305556,-81.91805556,7,631,3.2,Recap2007
210,5/17/07,31.03944444,-81.90555556,7,528,1.7,Recap2007
217,5/17/07,31.03944444,-81.90638889,7,581,2.4,Recap2007
N/A,5/17/07,31.02833333,-81.90722222,7,500,1.6,Recap2007
N/A,5/17/07,31.01861111,-81.90555556,7,730,4.5,Recap2007
288,5/17/07,31.01444444,-81.90805556,7,541,2.1,Recap2007
273,5/17/07,31.01444444,-81.90805556,7,610,3.4,Recap2007
336,5/17/07,31.01444444,-81.90805556,7,697,3.9,Recap2007
N/A,5/22/07,30.91388889,-81.90111111,9,785,7,Recap2007
N/A,5/23/07,31.0025,-81.91027778,7,680,3.1,Recap2007
307,5/23/07,30.98916667,-81.915,8,681,3.9,Recap2007
N/A,5/23/07,30.98805556,-81.91361111,8,560,1.9,Recap2007
294,5/23/07,30.98805556,-81.91361111,8,742,5.4,Recap2007
317,5/23/07,30.98194444,-81.91666667,8,635,2.6,Recap2007
457,5/23/07,30.98111111,-81.91333333,8,390,0.55,Recap2007
337,5/23/07,30.98111111,-81.91333333,8,545,1.75,Recap2007
N/A,5/23/07,30.98111111,-81.91333333,8,425,0.88,Recap2007
N/A,5/23/07,30.98111111,-81.91333333,8,450,1,Recap2007
N/A,5/23/07,30.98111111,-81.91333333,8,465,0.8,Recap2007
458,5/23/07,30.97444444,-81.91305556,8,570,1.5,Recap2007
379,5/23/07,30.97222222,-81.91027778,8,379,0.5,Recap2007
N/A,5/23/07,30.97527778,-81.90638889,8,601,2.3,Recap2007
N/A,5/23/07,30.97527778,-81.90638889,8,561,2.07,Recap2007
410,5/23/07,30.96916667,-81.90138889,8,528,1.7,Recap2007
473,5/23/07,30.96666667,-81.90416667,8,534,1.6,Recap2007
N/A,5/23/07,30.96583333,-81.90361111,8,353,1.8,Recap2007
318,5/24/07,30.94583333,-81.89916667,10,792,7.2,Recap2007
N/A,6/6/07,31.23194444,-81.86833333,3,690,3.5,Recap2007
N/A,6/6/07,31.23194444,-81.86833333,3,545,1.7,Recap2007
N/A,6/7/07,31.19416667,-81.87416667,4,693,3.8,Recap2007
N/A,6/7/07,31.165,-81.8675,4,430,0.703,Recap2007
74,6/21/07,31.22277778,-82.34444444,5,590,2.143,Recap2007
52,6/21/07,31.22277778,-82.34444444,5,626,2.591,Recap2007
N/A,6/21/07,31.22277778,-82.34444444,5,670,5,Recap2007
N/A,6/21/07,31.14583333,-81.86222222,5,876,9.6,Recap2007
N/A,6/21/07,31.14583333,-81.86222222,5,690,3.825,Recap2007
80,6/21/07,31.14416667,-81.86972222,5,660,3.23,Recap2007
N/A,6/21/07,31.14416667,-81.86972222,5,601,2.231,Recap2007
N/A,6/21/07,31.1425,-81.86472222,5,925,14.2,Recap2007
58,6/21/07,31.1425,-81.86472222,5,1025,15,Recap2007
75,6/21/07,31.13722222,-81.86555556,5,524,1.37,Recap2007
113,6/21/07,31.12888889,-81.89166667,5,581,1.762,Recap2007
435,6/25/07,31.12305556,-81.89138889,6,816,6.6,Recap2007
N/A,6/25/07,31.12305556,-81.89138889,6,754,4.57,Recap2007
N/A,6/25/07,31.12305556,-81.89138889,6,582,1.965,Recap2007
N/A,6/25/07,31.12305556,-81.89138889,6,730,3.704,Recap2007
N/A,6/25/07,31.12305556,-81.89138889,6,614,2.322,Recap2007
132,6/25/07,31.1225,-81.89222222,6,382,0.49,Recap2007
148,6/25/07,31.1225,-81.89222222,6,785,5.767,Recap2007
147,6/25/07,31.11805556,-81.89666667,6,521,1.393,Recap2007
159,6/25/07,31.10416667,-81.90916667,6,734,4.012,Recap2007
156,6/25/07,31.10416667,-81.90916667,6,694,3.405,Recap2007
218,6/25/07,31.10416667,-81.90916667,6,770,5.365,Recap2007
N/A,6/25/07,31.10416667,-81.90916667,6,698,3.417,Recap2007
N/A,6/25/07,31.10416667,-81.90916667,6,694,3.682,Recap2007
N/A,6/25/07,31.10416667,-81.90916667,6,647,2.886,Recap2007
N/A,6/25/07,31.10416667,-81.90916667,6,705,3.587,Recap2007
N/A,6/25/07,31.10416667,-81.90916667,6,712,4.452,Recap2007
N/A,6/25/07,31.10416667,-81.90916667,6,667,3.238,Recap2007
N/A,6/25/07,31.10416667,-81.90916667,6,605,2.089,Recap2007
N/A,6/26/07,31.09027778,-81.91916667,6,670,3.275,Recap2007
191,6/26/07,31.05944444,-81.93638889,6,601,1.951,Recap2007
189,6/26/07,31.05944444,-81.93638889,6,1110,17.4,Recap2007
N/A,6/26/07,31.05027778,-81.93666667,6,686,3.5,Recap2007
N/A,6/28/07,31.22277778,-82.34416667,8,580,2.4,Recap2007
N/A,6/28/07,30.92833333,-81.89388889,8,702,3.9,Recap2007
N/A,6/28/07,30.965,-81.90138889,8,553,2.2,Recap2007
N/A,6/28/07,30.96833333,-81.90138889,8,682,4.5,Recap2007
400,6/28/07,30.96833333,-81.90138889,8,580,2,Recap2007
289,6/28/07,30.96833333,-81.90138889,8,569,1.9,Recap2007
343,6/28/07,30.96833333,-81.90138889,8,666,3.2,Recap2007
226,6/28/07,30.96888889,-81.90138889,8,644,2.8,Recap2007
N/A,6/28/07,30.97388889,-81.90611111,8,685,3.5,Recap2007
N/A,6/28/07,30.975,-81.90611111,8,476,1.4,Recap2007
N/A,6/28/07,30.97555556,-81.90694444,8,472,1.1,Recap2007
347,6/28/07,30.97333333,-81.91166667,8,534,1.3,Recap2007
N/A,6/28/07,30.97611111,-81.91388889,8,501,1.6,Recap2007
N/A,6/28/07,30.97916667,-81.91638889,8,584,2.8,Recap2007
N/A,6/28/07,30.98138889,-81.91638889,8,576,2.5,Recap2007
N/A,6/28/07,30.98138889,-81.91638889,8,578,2.4,Recap2007
N/A,6/28/07,30.98138889,-81.91638889,8,750,4.9,Recap2007
298,6/28/07,30.98138889,-81.91638889,8,580,2.3,Recap2007
N/A,6/28/07,30.98666667,-81.91777778,8,560,1.9,Recap2007
329,6/28/07,30.98777778,-81.91361111,8,615,2.5,Recap2007
N/A,6/28/07,30.99027778,-81.91583333,8,574,1.8,Recap2007
N/A,6/28/07,30.99416667,-81.91333333,8,671,3.5,Recap2007
N/A,6/28/07,30.90527778,-81.88166667,9,617,2.8,Recap2007
N/A,6/28/07,30.90527778,-81.88166667,9,805,6.4,Recap2007
N/A,6/28/07,30.90472222,-81.88527778,9,680,4,Recap2007
N/A,6/28/07,30.91055556,-81.89083333,9,634,2.8,Recap2007
N/A,6/28/07,30.90472222,-81.89472222,9,772,7.3,Recap2007
231,6/28/07,30.90833333,-81.90666667,9,541,1.8,Recap2007
465,6/28/07,30.90916667,-81.90694444,9,681,4.5,Recap2007
N/A,6/28/07,30.91361111,-81.91611111,9,609,2.5,Recap2007
270,6/28/07,30.88777778,-81.84527778,9,712,4.3,Recap2007
300,6/28/07,30.91666667,-81.82944444,10,817,6.3,Recap2007
N/A,6/28/07,30.9175,-81.8175,10,900,10,Recap2007
222,6/28/07,30.90527778,-81.88166667,10,725,4.4,Recap2007
N/A,6/28/07,30.88916667,-81.85083333,10,674,3.7,Recap2007
153,6/28/07,30.92083333,-81.81972222,10,690,4.3,Recap2007
N/A,7/3/07,30.02833333,-81.90666667,7,710,4.4,Recap2007
N/A,7/3/07,31.01444444,-81.90805556,7,655,3.2,Recap2007
55,7/4/07,31.15888889,-81.85861111,5,381,0.68,Recap2007
338,7/6/07,30.92583333,-81.81555556,11,716,4.4,Recap2007
N/A,7/6/07,30.92583333,-81.81555556,11,692,4.1,Recap2007
247,7/6/07,30.92583333,-81.81555556,11,788,6.3,Recap2007
454,7/6/07,30.92583333,-81.81555556,11,746,5.5,Recap2007
N/A,7/6/07,30.92583333,-81.81555556,11,1025,14.8,Recap2007
213,7/10/07,30.99416667,-81.90972222,8,520,1.73,Recap2007
335,7/10/07,30.98138889,-81.91638889,8,720,3.26,Recap2007
224,7/10/07,30.97972222,-81.91527778,8,677,3.7,Recap2007
381,7/10/07,30.97527778,-81.90694444,8,509,1.56,Recap2007
459,7/10/07,30.97444444,-81.90611111,8,1028,15.1,Recap2007
N/A,7/10/07,30.97111111,-81.9075,8,586,2.35,Recap2007
389,7/10/07,30.97027778,-81.90444444,8,385,0.8,Recap2007
N/A,7/10/07,30.97027778,-81.90444444,8,497,1.55,Recap2007
402,7/10/07,30.96888889,-81.90138889,8,557,1.9,Recap2007
N/A,7/10/07,30.96833333,-81.90166667,8,468,1.1,Recap2007
420,7/10/07,30.96666667,-81.90416667,8,414,0.9,Recap2007
N/A,7/10/07,30.96555556,-81.90277778,8,583,2.08,Recap2007
N/A,7/10/07,30.95944444,-81.89194444,8,609,2.25,Recap2007
N/A,7/10/07,30.95944444,-81.89194444,8,752,3.51,Recap2007
242,7/11/07,30.90833333,-81.90111111,9,532,1.699,Recap2007
223,7/12/07,30.89055556,-81.84805556,10,780,5.8,Recap2007
N/A,7/18/07,31.19583333,-81.87666667,4,722,3.9,Recap2007
10,7/19/07,31.23388889,-81.8725,3,631,2.8,Recap2007
155,7/24/07,31.14444444,-81.86972222,5,802,5.54,Recap2007
103,7/24/07,31.14583333,-81.86222222,5,445,0.941,Recap2007
N/A,7/24/07,31.14166667,-81.86472222,5,726,4.05,Recap2007
N/A,7/24/07,31.14166667,-81.86472222,5,637,2.554,Recap2007
N/A,7/24/07,31.14166667,-81.86472222,5,562,1.701,Recap2007
117,7/25/07,31.12305556,-81.89138889,6,590,2.071,Recap2007
N/A,7/25/07,31.12305556,-81.89138889,6,559,1.899,Recap2007
142,7/25/07,31.12305556,-81.89138889,6,662,3.03,Recap2007
168,7/25/07,31.10388889,-81.90916667,6,655,2.797,Recap2007
169,7/25/07,31.10388889,-81.90916667,6,608,2.238,Recap2007
N/A,7/25/07,31.10388889,-81.90916667,6,662,3.149,Recap2007
N/A,7/26/07,31.07805556,-81.92722222,6,810,6.2,Recap2007
190,7/26/07,31.06,-81.92694444,6,702,4.2,Recap2007
N/A,8/1/07,31.05027778,-81.93666667,7,830,6.8,Recap2007
214,8/7/07,30.91111111,-81.91527778,9,635,3.07,Recap2007
278,8/7/07,30.90805556,-81.90305556,9,660,3.412,Recap2007
N/A,8/7/07,30.90305556,-81.87972222,9,733,4.9,Recap2007
N/A,8/9/07,30.89166667,-81.8475,10,680,3.46,Recap2007
414,8/9/07,30.90444444,-81.82777778,10,680,3.11,Recap2007
316,8/8/07,30.98194444,-81.91638889,8,675,3.42,Recap2007
395,8/8/07,30.97055556,-81.90472222,8,468,1.02,Recap2007
393,8/8/07,30.96916667,-81.90138889,8,392,0.58,Recap2007
N/A,8/8/07,30.9675,-81.90333333,8,765,4.33,Recap2007
N/A,8/8/07,30.96583333,-81.90388889,8,620,3.27,Recap2007
N/A,8/8/07,30.96444444,-81.90111111,8,642,3.2,Recap2007
N/A,8/8/07,30.96138889,-81.89305556,8,680,3.41,Recap2007
463,8/13/07,30.94222222,-81.81944444,11,705,5.5,Recap2007
385,8/13/07,30.94527778,-81.82138889,11,690,3.2,Recap2007
378,8/13/07,30.94916667,-81.81916667,11,823,7,Recap2007
34,8/20/07,31.19416667,-81.87416667,4,625,3.12,Recap2007
22,8/20/07,31.16916667,-81.86694444,4,701,3.75,Recap2007
N/A,8/20/07,31.16611111,-81.865,4,698,4.3,Recap2007
N/A,8/21/07,30.99416667,-81.91277778,8,725,5,Recap2007
225,8/21/07,30.99416667,-81.91361111,8,640,2.71,Recap2007
295,8/21/07,30.99305556,-81.91583333,8,820,7,Recap2007
N/A,8/21/07,30.98805556,-81.91361111,8,565,2.7,Recap2007
340,8/21/07,30.99888889,-81.91361111,8,561,1.92,Recap2007
N/A,8/21/07,30.97361111,-81.91194444,8,560,2.06,Recap2007
N/A,8/21/07,30.97583333,-81.90722222,8,753,4.79,Recap2007
N/A,8/21/07,30.975,-81.90611111,8,883,8.7,Recap2007
N/A,8/21/07,30.96888889,-81.90111111,8,956,13.8,Recap2007
N/A,8/21/07,30.96888889,-81.90388889,8,703,4.38,Recap2007
N/A,8/22/07,30.90805556,-81.90361111,9,630,2.76,Recap2007
9,8/22/07,30.90555556,-81.89694444,9,830,6.6,Recap2007
N/A,8/23/07,30.90472222,-81.82805556,10,990,15.3,Recap2007
28,8/27/07,30.92805556,-81.81277778,11,830,7.5,Recap2007
196,8/27/07,30.95,-81.81555556,11,545,1.92,Recap2007
N/A,8/27/07,30.96361111,-81.8125,11,682,4,Recap2007
N/A,8/27/07,30.96361111,-81.8125,11,650,3.5,Recap2007
193,8/29/07,31.14583333,-81.86222222,5,462,1.16,Recap2007
N/A,8/29/07,31.14583333,-81.86222222,5,590,1.87,Recap2007
429,8/29/07,31.14472222,-81.86944444,5,855,7,Recap2007
57,8/29/07,31.14111111,-81.865,5,1083,16.7,Recap2007
N/A,8/29/07,31.13638889,-81.86638889,5,633,2.57,Recap2007
76,8/29/07,31.13583333,-81.8675,5,490,1.28,Recap2007
N/A,8/29/07,31.13388889,-81.865,5,545,1.76,Recap2007
N/A,8/29/07,31.12916667,-81.89055556,5,732,4.54,Recap2007
N/A,8/29/07,31.12916667,-81.89055556,5,732,4.12,Recap2007
N/A,8/30/07,31.09861111,-81.90388889,6,735,4.11,Recap2007
84,8/30/07,31.10916667,-81.90388889,6,540,1.73,Recap2007
160,8/30/07,31.10388889,-81.90944444,6,602,2.34,Recap2007
186,9/4/07,31.07972222,-81.92583333,6,570,2.26,Recap2007
246,9/5/07,31.02833333,-81.90694444,6,690,3.6,Recap2007
260,9/5/07,31.01972222,-81.90694444,6,831,7.5,Recap2007
16,9/12/07,31.20222222,-81.86944444,4,490,1.356,Recap2007
39,9/12/07,31.16777778,-81.87027778,4,694,4.1,Recap2007
N/A,9/12/07,31.16833333,-81.86972222,4,635,2.9,Recap2007
N/A,9/14/07,31.12555556,-81.87777778,5,760,4.3,Recap2007
61,9/14/07,31.12527778,-81.89361111,5,905,8.8,Recap2007
N/A,9/17/07,31.12388889,-81.89305556,6,598,2.4,Recap2007
N/A,9/17/07,31.12222222,-81.89527778,6,770,6.2,Recap2007
N/A,9/17/07,31.11333333,-81.90472222,6,735,5,Recap2007
N/A,9/17/07,31.10416667,-81.90888889,6,873,8.8,Recap2007
177,9/17/07,31.09777778,-81.91361111,6,501,1.7,Recap2007
165,9/17/07,31.09555556,-81.91527778,6,639,2.5,Recap2007
N/A,9/19/07,31.09555556,-81.91527778,9,800,5.6,Recap2007
371,9/19/07,30.90638889,-81.89166667,9,565,2.04,Recap2007
94,9/19/07,30.90555556,-81.88222222,9,705,3.79,Recap2007
N/A,9/27/07,30.00138889,-81.90833333,7,720,3.02,Recap2007
N/A,10/2/07,30.99388889,-81.91388889,8,720,4.63,Recap2007
262,10/8/07,30.95,-81.81555556,11,906,9.4,Recap2007
293,7/25/08,30.98333333,-82.06972222,9,?,5.37,Recap2007
373,5/11/07,30.98333333,-82.06972222,9,?,2.38,Recap2007
474,4/1/08,31.76972222,-81.86583333,4,389,0.609,Mark2008
475,4/1/08,31.15861111,-81.85833333,4,925,15,Mark2008
476,4/7/08,31.135,-81.86944444,5,495,1.09,Mark2008
477,4/7/08,31.135,-81.86944444,5,994,12.5,Mark2008
478,4/7/08,31.12611111,-81.89416667,5,539,1.965,Mark2008
479,4/7/08,31.12611111,-81.89416667,5,625,3.5,Mark2008
480,4/8/08,31.09444444,-81.91388889,6,577,2.87,Mark2008
481,4/8/08,31.09444444,-81.91388889,6,640,4.069,Mark2008
482,4/8/08,31.09444444,-81.91388889,6,777,8.1,Mark2008
483,4/8/08,31.09444444,-81.91388889,6,656,4.9,Mark2008
484,4/8/08,31.09444444,-81.91388889,6,477,1.304,Mark2008
485,4/8/08,31.09444444,-81.91388889,6,740,5.6,Mark2008
486,4/10/08,31.00277778,-81.90416667,7,675,4.2,Mark2008
283,4/10/08,31.03166667,-81.90638889,7,630,3.916,Mark2008
487,4/10/08,31.02777778,-81.90416667,7,649,4.3,Mark2008
488,4/10/08,31.01916667,-81.90638889,7,706,5.6,Mark2008
489,4/10/08,31.01916667,-81.90638889,7,876,10.8,Mark2008
490,4/10/08,31.01916667,-81.90638889,7,356,0.8,Mark2008
491,4/10/08,31.00055556,-81.90916667,7,600,3.2,Mark2008
492,4/10/08,31.00055556,-81.90916667,7,940,11.8,Mark2008
493,4/10/08,31.00055556,-81.90916667,7,595,3.2,Mark2008
494,4/10/08,31.00055556,-81.90916667,7,600,2.9,Mark2008
495,4/10/08,31.00055556,-81.90916667,7,1032,19.3,Mark2008
496,4/10/08,31.00055556,-81.90916667,7,685,4.6,Mark2008
497,4/21/08,31.2507,-81.86315,3,642,3.08,Mark2008
498,4/21/08,31.2507,-81.86315,3,438,1.018,Mark2008
499,4/21/08,31.24001667,-81.86366667,3,555,2.267,Mark2008
501,4/24/08,31.18606667,-81.87581667,4,950,14.6,Mark2008
502,4/24/08,31.15876667,-81.85826667,4,637,4.022,Mark2008
503,4/24/08,31.15876667,-81.85826667,4,645,3.481,Mark2008
UNKNOWN,4/24/08,31.18606667,-81.87581667,4,1080,18.5,Mark2008
504,4/29/08,31.14385,-81.8695,5,891,10.2,Mark2008
505,4/29/08,31.14385,-81.8695,5,623,3.9,Mark2008
506,4/29/08,31.14385,-81.8695,5,776,7,Mark2008
507,4/29/08,31.14385,-81.8695,5,754,6.2,Mark2008
508,4/29/08,31.135,-81.87038333,5,994,15.1,Mark2008
509,4/29/08,31.135,-81.87038333,5,534,6.6,Mark2008
124,4/29/08,31.1291,-81.88518333,5,1005,13.7,Mark2008
510,4/29/08,31.12788333,-81.89175,5,664,4.7,Mark2008
511,4/29/08,31.12788333,-81.89175,5,615,3.4,Mark2008
512,4/29/08,31.12788333,-81.89175,5,539,2.3,Mark2008
513,4/29/08,31.12788333,-81.89175,5,682,4.9,Mark2008
514,4/29/08,31.12788333,-81.89175,5,603,3.3,Mark2008
515,4/30/08,31.0435,-81.91443333,7,969,16.9,Mark2008
516,4/30/08,31.0435,-81.91443333,7,880,11.2,Mark2008
517,4/30/08,31.0248,-81.90543333,7,600,3.6,Mark2008
518,4/30/08,31.0055,-81.9095,7,617,3.5,Mark2008
519,4/30/08,31.0055,-81.9095,7,931,13.7,Mark2008
520,4/30/08,31.0055,-81.9095,7,630,3.4,Mark2008
521,4/30/08,31.0055,-81.9095,7,492,1.9,Mark2008
522,4/30/08,31.0055,-81.9095,7,666,4,Mark2008
523,4/30/08,30.97255,-81.91211667,8,509,1.7,Mark2008
524,5/2/08,31.1094,-81.90568333,6,555,2.5,Mark2008
525,5/2/08,31.1094,-81.90568333,6,915,10.3,Mark2008
526,5/2/08,31.09248333,-81.91805,6,575,3.2,Mark2008
527,5/2/08,31.09248333,-81.91805,6,688,4.7,Mark2008
528,5/2/08,31.07028333,-81.92663333,6,726,5,Mark2008
109,5/2/08,31.11455,-81.89945,6,455,1.5,Mark2008
183,5/2/08,31.08073333,-81.92445,6,545,2.5,Mark2008
529,5/5/08,31.97535,-81.91445,8,644,3.7,Mark2008
530,5/5/08,31.97535,-81.91445,8,697,4.1,Mark2008
531,5/5/08,31.97535,-81.91445,8,863,10,Mark2008
532,5/5/08,31.97535,-81.91445,8,615,3.2,Mark2008
533,5/5/08,31.97535,-81.91445,8,845,9.4,Mark2008
534,5/5/08,31.97535,-81.91445,8,620,2.9,Mark2008
346,5/5/08,30.96561667,-81.90218333,8,710,5,Mark2008
388,5/5/08,30.96931667,-81.90138333,8,608,2.5,Mark2008
535,5/5/08,30.97096667,-81.85498333,8,607,4.6,Mark2008
536,5/5/08,30.97096667,-81.85498333,8,920,11.2,Mark2008
537,5/5/08,30.97096667,-81.85498333,8,730,6.3,Mark2008
538,5/5/08,30.97096667,-81.85498333,8,1030,17.9,Mark2008
539,5/5/08,30.97096667,-81.85498333,8,547,2.2,Mark2008
540,5/5/08,30.97096667,-81.85498333,8,467,0.5,Mark2008
541,5/5/08,30.97096667,-81.85498333,8,570,2,Mark2008
542,5/5/08,30.97096667,-81.85498333,8,985,14.7,Mark2008
543,5/5/08,30.97096667,-81.85498333,8,838,9,Mark2008
544,5/5/08,30.97096667,-81.85498333,8,715,5,Mark2008
545,5/5/08,30.97096667,-81.85498333,8,717,4.9,Mark2008
546,5/5/08,30.97096667,-81.85498333,8,580,2.4,Mark2008
547,5/5/08,30.97096667,-81.85498333,8,622,2.8,Mark2008
548,5/5/08,31.97535,-81.91445,8,740,5.9,Mark2008
549,5/5/08,31.97535,-81.91445,8,740,5.1,Mark2008
550,5/5/08,31.97535,-81.91445,8,505,1.4,Mark2008
551,5/6/08,30.90783333,-81.90626667,9,820,7.4,Mark2008
552,5/6/08,30.90783333,-81.90626667,9,860,9.4,Mark2008
553,5/6/08,30.90783333,-81.90626667,9,734,5.3,Mark2008
554,5/6/08,30.90783333,-81.90626667,9,370,0.6,Mark2008
555,5/6/08,30.91355,-81.91626667,9,535,1.4,Mark2008
556,5/6/08,30.91355,-81.91626667,9,636,3.4,Mark2008
557,5/6/08,30.91355,-81.91626667,9,574,2.6,Mark2008
558,5/6/08,30.91355,-81.91626667,9,356,0.4,Mark2008
559,5/8/08,30.90021667,-81.82823333,10,691,3.9,Mark2008
560,5/8/08,30.90021667,-81.82823333,10,750,6.1,Mark2008
561,5/8/08,30.90021667,-81.82823333,10,705,4.4,Mark2008
562,5/8/08,30.90021667,-81.82823333,10,525,2.3,Mark2008
563,5/8/08,30.90021667,-81.82823333,10,575,2.5,Mark2008
564,5/8/08,30.90021667,-81.82823333,10,597,2.4,Mark2008
565,5/8/08,30.90021667,-81.82823333,10,393,0.6,Mark2008
566,5/8/08,30.91088333,-81.87303333,10,724,5.1,Mark2008
567,5/8/08,30.91088333,-81.87303333,10,600,2.9,Mark2008
568,5/8/08,30.91088333,-81.87303333,10,550,2,Mark2008
569,5/8/08,30.91088333,-81.87303333,10,445,0.8,Mark2008
570,5/8/08,30.91088333,-81.87303333,10,356,0.45,Mark2008
477,4/7/08,31.135,-81.86944444,5,994,12.5,Recap2008
483,4/8/08,31.09444444,-81.91388889,6,656,4.9,Recap2008
283,4/10/08,31.03166667,-81.90638889,7,630,3.916,Recap2008
502,4/24/08,31.15876667,-81.85826667,4,637,4.022,Recap2008
503,4/24/08,31.15876667,-81.85826667,4,645,3.481,Recap2008
UNKNOWN-07,4/24/08,31.18606667,-81.87581667,4,1080,18.5,Recap2008
124,4/29/08,31.1291,-81.88518333,5,1005,13.7,Recap2008
518,4/30/08,31.0055,-81.9095,7,617,3.5,Recap2008
527,5/2/08,31.09248333,-81.91805,6,688,4.7,Recap2008
109,5/2/08,31.11455,-81.89945,6,455,1.5,Recap2008
183,5/2/08,31.08073333,-81.92445,6,545,2.5,Recap2008
531,5/5/08,31.97535,-81.91445,8,863,10,Recap2008
346,5/5/08,30.96561667,-81.90218333,8,710,5,Recap2008
388,5/5/08,30.96931667,-81.90138333,8,608,2.5,Recap2008
535,5/5/08,30.97096667,-81.85498333,8,607,4.6,Recap2008
536,5/5/08,30.97096667,-81.85498333,8,920,11.2,Recap2008
549,5/19/08,30.94996667,-81.81583333,11,745,5.75,Recap2008
556,5/19/08,30.98481667,-81.77548333,11,635,3.6,Recap2008
491,5/29/08,30.90843333,-81.9011,9,620,3.6,Recap2008
564,5/29/08,30.90444444,-81.83166667,10,598,2.268,Recap2008
548,5/29/08,30.91694444,-81.81722222,10,749,5.9,Recap2008
518,6/3/08,30.98248333,-81.91636667,8,625,3.04,Recap2008
377,6/3/08,30.96771667,-81.90235,8,647,3.75,Recap2008
541,6/3/08,30.96505,-81.90138333,8,573,2.3,Recap2008
UNKNOWN-08,6/3/08,30.96398333,-81.90063333,8,495,1.65,Recap2008
543,6/3/08,30.95583333,-81.8923,8,849,9.35,Recap2008
498,6/9/08,31.25721667,-81.86153333,3,473,1.43,Recap2008
UNKNOWN-07,6/10/08,30.97833333,-81.91527778,8,785,7.15,Recap2008
UNKNOWN-08,6/10/08,30.96638889,-81.90416667,8,922,9.8,Recap2008
560,6/10/08,30.96444444,-81.90083333,8,770,5.6,Recap2008
537,6/10/08,30.96138889,-81.89333333,8,745,5.1,Recap2008
555,6/11/08,30.9095,-81.9121,9,530,1.412,Recap2008
UNKNOWN-08,6/11/08,30.91068333,-81.90358333,9,474,1.128,Recap2008
514,6/11/08,30.9016,-81.87555,9,621,2.769,Recap2008
570,6/13/08,30.89926667,-81.85578333,10,386,0.543,Recap2008
563,6/13/08,30.90265,-81.82611667,10,577,2.215,Recap2008
542,6/16/08,30.92561667,-81.8168,11,990,14,Recap2008
503,6/16/08,30.96833333,-81.80444444,11,655,3.056,Recap2008
56,6/18/08,31.15305556,-81.86083333,5,565,1.971,Recap2008
UNKNOWN-08,6/18/08,31.13444444,-81.87222222,5,1000,11.55,Recap2008
507,6/18/08,31.14472222,-81.86916667,5,780,6.4,Recap2008
123,6/19/08,31.12388889,-81.89361111,6,715,4.7,Recap2008
UNKNOWN08,6/19/08,31.12305556,-81.89111111,6,630,3.176,Recap2008
513,6/19/08,31.1225,-81.89138889,6,702,4.85,Recap2008
88,6/19/08,31.11527778,-81.90333333,6,606,3.04,Recap2008
494,7/7/08,31.0363,-81.90576667,7,605,3.009,Recap2008
482,8/8/08,30.95227,-81.89246,8,802,7.5,Recap2008
480,8/8/08,30.98104,-81.91617,8,590,2.387,Recap2008
368,8/8/08,30.97404,-81.90615,8,655,3.37,Recap2008
517,8/11/08,30.9443,-81.9002,9,657,3.42,Recap2008
530,8/11/08,30.91041667,-81.9102,9,737,4.65,Recap2008
269,8/11/08,30.90875,-81.8888,9,710,4.5,Recap2008
444,8/11/08,30.90265,-81.87488333,9,680,4.25,Recap2008
489,8/12/08,30.91028333,-81.87306667,10,925,9.6,Recap2008
403,8/12/08,30.92051667,-81.81943333,10,608,2.34,Recap2008
104,8/27/08,31.13453333,-81.87156667,5,847,6.75,Recap2008
524,8/27/08,31.1178,-81.89708333,6,570,2.48,Recap2008
UNKNOWN08,8/27/08,31.10915,-81.90465,6,662,4.56,Recap2008
523,9/8/08,30.97553333,-81.9067,8,531,1.778,Recap2008
535,9/8/08,30.96795,-81.90208333,8,626,3.672,Recap2008
241,9/29/08,31.12313333,-81.89126667,6,695,4.16,Recap2008
526,9/29/08,31.12313333,-81.89126667,6,645,3.3,Recap2008
479,9/29/08,31.12313333,-81.89126667,6,680,4.04,Recap2008
152,10/6/08,30.98811667,-81.9137,8,718,4.95,Recap2008
554,10/7/08,30.90218333,-81.86885,9,427,0.72,Recap2008
565,10/8/08,30.90841667,-81.82738333,10,510,1.28,Recap2008
475,5/12/09,31.15871,-81.85839,4,1000,15,Recap2008
252,5/14/09,31.129,-81.87616667,5,633,3.4,Recap2008
546,5/19/09,30.95583333,-81.89222222,8,695,4.822,Recap2008
233,6/26/09,30.03273333,-81.90596667,7,723,4.897,Recap2008
127,6/26/09,31.0198,-81.90733333,7,718,5.8,Recap2008
UNKNOWN 08,7/17/09,30.96767,-81.90247,8,,,Recap2008
534,7/4/09,30.96767,-81.90247,8,,,Recap2008
445,7/13/09,30.98123,-81.91642,8,1020,16.4,Recap2008
516,7/27/09,30.97996,-81.91538,8,945,13.05,Recap2008
515,7/28/09,30.90642,-81.87463,9,1005,14.95,Recap2008
456,7/30/09,30.65003,-81.81578,11,832,7.85,Recap2008
446,8/17/09,30.98789,-81.91469,8,880,10.5,Recap2008
339,8/17/09,30.98674,-81.9178,8,700,4.53,Recap2008
396,9/7/11,30.96866667,-81.90123333,8,663,3.277,Recap2008
557,4/27/11,30.90786667,-81.90506667,9,675,4.65,Recap2008
559,10/4/11,30.88973333,-81.84935,10,960,11.3,Recap2008
1001,3/24/11,30.94571667,-81.89948333,8--9,800,6.601,Mark2011
1002,3/28/11,31.26578333,-81.87008333,3,970,.,Mark2011
unk,3/28/11,31.26578333,-81.87008333,3,292,0.213,Mark2011
1003,3/28/11,31.26578333,-81.87008333,3,402,0.578,Mark2011
unk,3/29/11,31.15861111,-81.85833333,4--5,140,0.022,Mark2011
1004,3/29/11,31.15861111,-81.85833333,4--5,360,0.443,Mark2011
1006,3/29/11,31.15861111,-81.85833333,4--5,1030,18.6,Mark2011
unk,3/29/11,31.14416667,-81.86972222,5,186,0.056,Mark2011
unk,3/29/11,31.14416667,-81.86972222,5,222,0.091,Mark2011
1007,3/29/11,31.14416667,-81.86972222,5,383,0.05,Mark2011
1008,3/29/11,31.14416667,-81.86972222,5,595,2.26,Mark2011
1009,3/29/11,31.14416667,-81.86972222,5,1070,17.81,Mark2011
unk,3/30/11,31.04944444,-81.93416667,7,290,0.224,Mark2011
1010,3/30/11,31.04944444,-81.93416667,7,368,0.465,Mark2011
1011,3/30/11,31.04944444,-81.93416667,7,418,0.739,Mark2011
unk,3/30/11,31.04944444,-81.93416667,7,182,0.047,Mark2011
1012,4/18/11,30.94571667,-81.89948333,8--9,880,10.15,Mark2011
1013,4/18/11,30.94571667,-81.89948333,8--9,505,1.5,Mark2011
unk,4/18/11,30.94571667,-81.89948333,8--9,222,0.09,Mark2011
unk,4/18/11,30.94571667,-81.89948333,8--9,213,0.097,Mark2011
unk,4/18/11,30.94571667,-81.89948333,8--9,142,0.027,Mark2011
1014,4/26/11,30.94571667,-81.89948333,8--9,362,0.412,Mark2011
unk,4/26/11,30.94571667,-81.89948333,8--9,116,0.026,Mark2011
unk,4/26/11,30.94571667,-81.89948333,8--9,107,0.01,Mark2011
unk,4/26/11,30.94571667,-81.89948333,8--9,332,0.341,Mark2011
unk,4/26/11,30.94571667,-81.89948333,8--9,329,0.311,Mark2011
unk,4/26/11,30.94571667,-81.89948333,8--9,277,0.173,Mark2011
unk,4/26/11,30.94571667,-81.89948333,8--9,267,0.166,Mark2011
unk,4/26/11,30.94571667,-81.89948333,8--9,227,0.106,Mark2011
unk,4/26/11,30.94571667,-81.89948333,8--9,316,0.271,Mark2011
unk,4/26/11,30.94571667,-81.89948333,8--9,183,0.061,Mark2011
unk,4/26/11,30.94571667,-81.89948333,8--9,146,0.03,Mark2011
unk,4/26/11,30.94571667,-81.89948333,8--9,102,0.011,Mark2011
unk,4/26/11,30.94571667,-81.89948333,8--9,97,0.011,Mark2011
1015,4/26/11,30.94571667,-81.89948333,8--9,430,0.796,Mark2011
unk,4/26/11,30.94571667,-81.89948333,8--9,290,0.232,Mark2011
unk,4/26/11,30.94571667,-81.89948333,8--9,282,0.199,Mark2011
unk,4/26/11,30.94571667,-81.89948333,8--9,247,0.137,Mark2011
unk,4/26/11,30.94571667,-81.89948333,8--9,209,0.077,Mark2011
unk,4/26/11,30.94571667,-81.89948333,8--9,260,0.161,Mark2011
unk,4/26/11,30.94571667,-81.89948333,8--9,182,0.054,Mark2011
unk,4/26/11,30.94571667,-81.89948333,8--9,161,0.041,Mark2011
unk,4/26/11,30.94571667,-81.89948333,8--9,177,0.047,Mark2011
unk,4/26/11,30.94571667,-81.89948333,8--9,112,0.011,Mark2011
unk,4/26/11,30.94571667,-81.89948333,8--9,80,0.006,Mark2011
unk,4/26/11,30.94571667,-81.89948333,8--9,322,0.268,Mark2011
unk,4/26/11,30.94571667,-81.89948333,8--9,305,0.242,Mark2011
unk,4/26/11,30.94571667,-81.89948333,8--9,266,0.169,Mark2011
unk,4/26/11,30.94571667,-81.89948333,8--9,245,0.127,Mark2011
unk,4/26/11,30.94571667,-81.89948333,8--9,222,0.091,Mark2011
unk,4/26/11,30.94571667,-81.89948333,8--9,305,0.24,Mark2011
unk,4/26/11,30.94571667,-81.89948333,8--9,170,0.045,Mark2011
unk,4/26/11,30.94571667,-81.89948333,8--9,145,0.026,Mark2011
unk,4/26/11,30.94571667,-81.89948333,8--9,140,0.02,Mark2011
unk,4/26/11,30.94571667,-81.89948333,8--9,127,0.019,Mark2011
unk,4/26/11,30.94571667,-81.89948333,8--9,156,0.036,Mark2011
unk,4/26/11,30.94571667,-81.89948333,8--9,162,0.039,Mark2011
unk,4/26/11,30.94571667,-81.89948333,8--9,156,0.033,Mark2011
1016,4/26/11,30.94571667,-81.89948333,8--9,633,2.5,Mark2011
1017,4/26/11,30.94571667,-81.89948333,8--9,436,0.8,Mark2011
unk,4/26/11,30.94571667,-81.89948333,8--9,222,0.103,Mark2011
unk,4/26/11,30.94571667,-81.89948333,8--9,178,0.051,Mark2011
unk,4/26/11,30.94571667,-81.89948333,8--9,165,0.036,Mark2011
unk,4/26/11,30.94571667,-81.89948333,8--9,133,0.018,Mark2011
unk,4/26/11,30.94571667,-81.89948333,8--9,126,0.017,Mark2011
unk,4/26/11,30.94571667,-81.89948333,8--9,265,0.0163,Mark2011
unk,4/26/11,30.94571667,-81.89948333,8--9,112,0.013,Mark2011
unk,4/26/11,30.94571667,-81.89948333,8--9,100,0.007,Mark2011
unk,4/26/11,30.94571667,-81.89948333,8--9,112,0.009,Mark2011
unk,4/26/11,30.94571667,-81.89948333,8--9,197,0.064,Mark2011
unk,4/26/11,30.94571667,-81.89948333,8--9,175,0.05,Mark2011
unk,4/26/11,30.94571667,-81.89948333,8--9,177,0.046,Mark2011
unk,4/26/11,30.94571667,-81.89948333,8--9,117,0.011,Mark2011
unk,4/26/11,30.94571667,-81.89948333,8--9,105,0.008,Mark2011
1018,4/26/11,30.94571667,-81.89948333,8--9,635,3.35,Mark2011
unk,4/26/11,30.94571667,-81.89948333,8--9,297,0.237,Mark2011
unk,4/26/11,30.94571667,-81.89948333,8--9,293,0.223,Mark2011
unk,4/26/11,30.94571667,-81.89948333,8--9,322,0.271,Mark2011
unk,4/26/11,30.94571667,-81.89948333,8--9,217,0.101,Mark2011
unk,4/26/11,30.94571667,-81.89948333,8--9,132,0.019,Mark2011
unk,4/26/11,30.94571667,-81.89948333,8--9,127,0.016,Mark2011
unk,4/26/11,30.94571667,-81.89948333,8--9,192,0.061,Mark2011
unk,4/26/11,30.94571667,-81.89948333,8--9,157,0.032,Mark2011
unk,4/26/11,30.94571667,-81.89948333,8--9,117,0.012,Mark2011
unk,4/26/11,30.94571667,-81.89948333,8--9,116,0.011,Mark2011
unk,4/26/11,30.94571667,-81.89948333,8--9,115,0.016,Mark2011
1019,4/26/11,30.94571667,-81.89948333,8--9,470,1.027,Mark2011
1020,4/26/11,30.94571667,-81.89948333,8--9,364,0.418,Mark2011
unk,4/26/11,30.94571667,-81.89948333,8--9,308,0.244,Mark2011
unk,4/26/11,30.94571667,-81.89948333,8--9,255,0.164,Mark2011
unk,4/26/11,30.94571667,-81.89948333,8--9,262,0.17,Mark2011
unk,4/26/11,30.94571667,-81.89948333,8--9,112,0.012,Mark2011
unk,4/26/11,30.94571667,-81.89948333,8--9,105,0.008,Mark2011
unk,4/26/11,30.94571667,-81.89948333,8--9,261,0.164,Mark2011
unk,4/26/11,30.94571667,-81.89948333,8--9,227,0.114,Mark2011
unk,4/26/11,30.94571667,-81.89948333,8--9,262,0.161,Mark2011
unk,4/26/11,30.94571667,-81.89948333,8--9,163,0.036,Mark2011
unk,4/26/11,30.94571667,-81.89948333,8--9,112,0.011,Mark2011
unk,4/26/11,30.94571667,-81.89948333,8--9,95,0.007,Mark2011
unk,4/26/11,30.94571667,-81.89948333,8--9,140,0.024,Mark2011
unk,4/26/11,30.94571667,-81.89948333,8--9,102,0.007,Mark2011
unk,4/26/11,30.94571667,-81.89948333,8--9,92,0.005,Mark2011
unk,4/26/11,30.94571667,-81.89948333,8--9,105,0.009,Mark2011
unk,4/26/11,30.94571667,-81.89948333,8--9,107,0.009,Mark2011
unk,4/26/11,30.94571667,-81.89948333,8--9,180,0.051,Mark2011
unk,4/26/11,30.94571667,-81.89948333,8--9,113,0.008,Mark2011
1021,4/26/11,30.94571667,-81.89948333,8--9,1080,20.2,Mark2011
unk,4/26/11,30.94571667,-81.89948333,8--9,345,0.378,Mark2011
unk,4/26/11,30.94571667,-81.89948333,8--9,127,0.016,Mark2011
unk,4/26/11,30.94571667,-81.89948333,8--9,256,0.154,Mark2011
1022,4/26/11,30.94571667,-81.89948333,8--9,356,0.396,Mark2011
unk,4/26/11,30.94571667,-81.89948333,8--9,177,0.05,Mark2011
1033,4/27/11,30.90786667,-81.90786667,9,675,4.65,Mark2011
1023,4/27/11,30.90786667,-81.90786667,9,710,5.75,Mark2011
unk,4/27/11,30.90786667,-81.90786667,9,109,0.0012,Mark2011
unk,4/27/11,30.90786667,-81.90786667,9,109,0.011,Mark2011
unk,4/27/11,30.90786667,-81.90786667,9,211,0.08,Mark2011
unk,4/27/11,30.90786667,-81.90786667,9,216,0.081,Mark2011
1024,4/27/11,30.90786667,-81.90786667,9,392,0.533,Mark2011
1025,4/27/11,30.90786667,-81.90786667,9,740,6.15,Mark2011
1026,4/27/11,30.90786667,-81.90786667,9,720,4.5,Mark2011
1027,4/27/11,30.90786667,-81.90786667,9,655,3.55,Mark2011
1028,4/27/11,30.90786667,-81.90786667,9,615,3.45,Mark2011
1029,4/27/11,30.90786667,-81.90786667,9,356,0.394,Mark2011
unk,4/27/11,30.90786667,-81.90786667,9,312,0.278,Mark2011
unk,4/27/11,30.90786667,-81.90786667,9,253,0.152,Mark2011
unk,4/27/11,30.90786667,-81.90786667,9,255,0.157,Mark2011
unk,4/27/11,30.90786667,-81.90786667,9,178,0.047,Mark2011
unk,4/27/11,30.90786667,-81.90786667,9,152,0.033,Mark2011
unk,4/27/11,30.90786667,-81.90786667,9,89,0.005,Mark2011
unk,4/27/11,30.90786667,-81.90786667,9,72,0.002,Mark2011
1030,4/27/11,30.90786667,-81.90786667,9,436,0.872,Mark2011
1031,4/27/11,30.90786667,-81.90786667,9,568,2.3,Mark2011
1032,4/27/11,30.90786667,-81.90786667,9,800,6.65,Mark2011
1034,4/27/11,30.90786667,-81.90786667,9,600,2.55,Mark2011
1036,4/27/11,30.90786667,-81.90786667,9,617,2.6,Mark2011
unk,4/27/11,30.90786667,-81.90786667,9,313,0.278,Mark2011
unk,4/27/11,30.90786667,-81.90786667,9,245,0.126,Mark2011
unk,4/27/11,30.90786667,-81.90786667,9,197,0.071,Mark2011
unk,4/27/11,30.90786667,-81.90786667,9,262,0.069,Mark2011
unk,4/27/11,30.90786667,-81.90786667,9,227,0.1,Mark2011
1037,4/27/11,30.90786667,-81.90786667,9,615,2.6,Mark2011
1038,4/27/11,30.90786667,-81.90786667,9,520,1.65,Mark2011
unk,4/27/11,30.90786667,-81.90786667,9,277,0.198,Mark2011
unk,4/27/11,30.90786667,-81.90786667,9,267,0.169,Mark2011
unk,4/27/11,30.90786667,-81.90786667,9,255,0.128,Mark2011
unk,4/27/11,30.90786667,-81.90786667,9,222,0.094,Mark2011
unk,4/27/11,30.90786667,-81.90786667,9,322,0.283,Mark2011
unk,4/27/11,30.90786667,-81.90786667,9,197,0.058,Mark2011
unk,4/27/11,30.90786667,-81.90786667,9,162,0.076,Mark2011
unk,4/27/11,30.90786667,-81.90786667,9,158,0.031,Mark2011
unk,4/27/11,30.90786667,-81.90786667,9,130,0.027,Mark2011
unk,4/27/11,30.90786667,-81.90786667,9,267,0.17,Mark2011
unk,4/27/11,30.90786667,-81.90786667,9,227,0.105,Mark2011
unk,4/27/11,30.90786667,-81.90786667,9,155,0.039,Mark2011
unk,4/27/11,30.90786667,-81.90786667,9,167,0.043,Mark2011
unk,4/27/11,30.90786667,-81.90786667,9,213,0.091,Mark2011
unk,4/27/11,30.90786667,-81.90786667,9,212,0.093,Mark2011
unk,4/27/11,30.90786667,-81.90786667,9,192,0.061,Mark2011
unk,4/27/11,30.90786667,-81.90786667,9,220,0.096,Mark2011
unk,4/27/11,30.90786667,-81.90786667,9,145,0.03,Mark2011
unk,4/27/11,30.90786667,-81.90786667,9,154,0.035,Mark2011
unk,4/27/11,30.90786667,-81.90786667,9,153,0.04,Mark2011
unk,4/27/11,30.90786667,-81.90786667,9,137,0.026,Mark2011
unk,4/27/11,30.90786667,-81.90786667,9,85,0.007,Mark2011
unk,4/27/11,30.90786667,-81.90786667,9,82,0.005,Mark2011
unk,4/27/11,30.90786667,-81.90786667,9,97,0.009,Mark2011
1039,4/27/11,30.90786667,-81.90786667,9,685,4,Mark2011
1040,4/27/11,30.90786667,-81.90786667,9,507,1.3,Mark2011
unk,4/27/11,30.90786667,-81.90786667,9,238,0.112,Mark2011
unk,4/27/11,30.90786667,-81.90786667,9,207,0.074,Mark2011
1041,4/27/11,30.90786667,-81.90786667,9,650,3.5,Mark2011
1042,4/27/11,30.90786667,-81.90786667,9,590,2.6,Mark2011
unk,4/27/11,30.90786667,-81.90786667,9,192,0.062,Mark2011
1043,4/27/11,30.90786667,-81.90786667,9,420,0.7,Mark2011
unk,4/27/11,30.90786667,-81.90786667,9,248,0.142,Mark2011
unk,4/27/11,30.90786667,-81.90786667,9,158,0.043,Mark2011
unk,4/27/11,30.90958333,-81.87321667,9,151,0.024,Mark2011
1044,4/27/11,30.90958333,-81.87321667,9,462,1.035,Mark2011
unk,4/27/11,30.90958333,-81.87321667,9,280,0.2,Mark2011
1045,4/27/11,30.90958333,-81.87321667,9,815,8.65,Mark2011
1046,4/27/11,30.90958333,-81.87321667,9,640,3.05,Mark2011
1047,4/27/11,30.90958333,-81.87321667,9,470,0.95,Mark2011
1048,4/27/11,30.90958333,-81.87321667,9,595,2.7,Mark2011
unk,4/27/11,30.90958333,-81.87321667,9,267,0.175,Mark2011
unk,4/27/11,30.90958333,-81.87321667,9,145,0.032,Mark2011
1049,4/27/11,30.90958333,-81.87321667,9,408,0.65,Mark2011
1050,4/27/11,30.90958333,-81.87321667,9,712,4.5,Mark2011
1051,4/27/11,30.90958333,-81.87321667,9,605,2.55,Mark2011
unk,4/27/11,30.90958333,-81.87321667,9,274,0.15,Mark2011
1052,4/27/11,30.90958333,-81.87321667,9,685,3.7,Mark2011
1053,4/27/11,30.90958333,-81.87321667,9,480,1.15,Mark2011
unk,4/27/11,30.90958333,-81.87321667,9,310,0.25,Mark2011
unk,4/27/11,30.90958333,-81.87321667,9,222,0.01,Mark2011
1054,4/27/11,30.90958333,-81.87321667,9,357,0.45,Mark2011
1055,4/27/11,30.90958333,-81.87321667,9,460,1,Mark2011
1056,4/27/11,30.90958333,-81.87321667,9,507,1.4,Mark2011
1057,4/27/11,30.90958333,-81.87321667,9,666,3.65,Mark2011
1058,4/27/11,30.90958333,-81.87321667,9,415,0.8,Mark2011
1059,4/27/11,30.90958333,-81.87321667,9,652,3.25,Mark2011
1060,4/27/11,30.90958333,-81.87321667,9,520,1.45,Mark2011
1061,4/27/11,30.90958333,-81.87321667,9,360,0.4,Mark2011
1062,4/27/11,30.90958333,-81.87321667,9,590,2.9,Mark2011
1063,4/27/11,30.90958333,-81.87321667,9,562,1.9,Mark2011
1064,4/27/11,30.90958333,-81.87321667,9,780,8.3,Mark2011
unk,4/27/11,30.90958333,-81.87321667,9,170,0.048,Mark2011
1065,4/27/11,30.90958333,-81.87321667,9,485,1.1,Mark2011
unk,4/27/11,30.90958333,-81.87321667,9,278,0.203,Mark2011
unk,4/27/11,30.90958333,-81.87321667,9,200,0.08,Mark2011
unk,4/27/11,30.90958333,-81.87321667,9,182,0.063,Mark2011
unk,4/27/11,30.90958333,-81.87321667,9,204,0.089,Mark2011
unk,4/27/11,30.90958333,-81.87321667,9,197,0.068,Mark2011
unk,4/27/11,30.90958333,-81.87321667,9,295,0.245,Mark2011
1066,4/27/11,30.90958333,-81.87321667,9,585,0.35,Mark2011
1067,4/27/11,30.90958333,-81.87321667,9,381,0.55,Mark2011
unk,4/27/11,30.90958333,-81.87321667,9,288,0.23,Mark2011
unk,4/27/11,30.90958333,-81.87321667,9,247,0.15,Mark2011
unk,4/27/11,30.90958333,-81.87321667,9,192,0.07,Mark2011
unk,4/27/11,30.90958333,-81.87321667,9,275,0.21,Mark2011
unk,4/27/11,30.90958333,-81.87321667,9,180,0.063,Mark2011
unk,4/27/11,30.90958333,-81.87321667,9,197,0.068,Mark2011
unk,4/27/11,30.90958333,-81.87321667,9,185,0.064,Mark2011
unk,4/27/11,30.90958333,-81.87321667,9,140,0.03,Mark2011
1068,4/27/11,30.90958333,-81.87321667,9,660,3.95,Mark2011
unk,4/27/11,30.90958333,-81.87321667,9,232,0.09,Mark2011
unk,4/27/11,30.90958333,-81.87321667,9,218,0.09,Mark2011
unk,4/27/11,30.90958333,-81.87321667,9,207,.,Mark2011
unk,4/27/11,30.90958333,-81.87321667,9,172,0.05,Mark2011
unk,4/27/11,30.90958333,-81.87321667,9,118,0.014,Mark2011
unk,4/27/11,30.90958333,-81.87321667,9,240,0.137,Mark2011
unk,4/27/11,30.90958333,-81.87321667,9,94,0.006,Mark2011
1069,5/2/11,30.92425,-81.82061667,10//11,650,3.25,Mark2011
1070,5/2/11,30.92425,-81.82061667,10//11,600,2.6,Mark2011
1071,5/2/11,30.92425,-81.82061667,10//11,557,1.95,Mark2011
unk,5/2/11,30.92425,-81.82061667,10//11,227,0.102,Mark2011
1072,5/2/11,30.92425,-81.82061667,10//11,370,0.439,Mark2011
1073,5/2/11,30.92425,-81.82061667,10//11,434,0.75,Mark2011
1074,5/2/11,30.92425,-81.82061667,10//11,625,2.7,Mark2011
1075,5/2/11,30.92425,-81.82061667,10//11,482,1.1,Mark2011
1076,5/2/11,30.92425,-81.82061667,10//11,402,0.669,Mark2011
1077,5/2/11,30.92425,-81.82061667,10//11,560,1.9,Mark2011
1078,5/2/11,30.92425,-81.82061667,10//11,632,3.1,Mark2011
1079,5/2/11,30.92425,-81.82061667,10//11,675,3.95,Mark2011
1080,5/2/11,30.92425,-81.82061667,10//11,407,0.706,Mark2011
1081,5/2/11,30.92425,-81.82061667,10//11,515,1.45,Mark2011
1082,5/2/11,30.92425,-81.82061667,10//11,565,2.15,Mark2011
1083,5/2/11,30.92425,-81.82061667,10//11,437,1.05,Mark2011
1084,5/2/11,30.92425,-81.82061667,10//11,590,2.45,Mark2011
1085,5/2/11,30.92425,-81.82061667,10//11,532,1.7,Mark2011
1086,5/2/11,30.92425,-81.82061667,10//11,402,0.629,Mark2011
1087,5/2/11,30.92425,-81.82061667,10//11,830,7.3,Mark2011
unk,5/2/11,30.92425,-81.82061667,10//11,305,0.269,Mark2011
1088,5/2/11,30.92425,-81.82061667,10//11,356,0.395,Mark2011
1089,5/2/11,30.92425,-81.82061667,10//11,370,0.479,Mark2011
1090,5/2/11,30.92425,-81.82061667,10//11,570,2.2,Mark2011
1091,5/2/11,30.92425,-81.82061667,10//11,505,1.4,Mark2011
1092,5/2/11,30.92425,-81.82061667,10//11,615,2.75,Mark2011
1093,5/2/11,30.92425,-81.82061667,10//11,420,0.754,Mark2011
1094,5/2/11,30.92425,-81.82061667,10//11,425,0.867,Mark2011
1095,5/2/11,30.92425,-81.82061667,10//11,725,4.75,Mark2011
1096,5/2/11,30.92425,-81.82061667,10//11,525,1.7,Mark2011
1097,5/2/11,30.92425,-81.82061667,10//11,610,2.55,Mark2011
1098,5/2/11,30.92425,-81.82061667,10//11,502,1.9,Mark2011
1099,5/2/11,30.92425,-81.82061667,10//11,452,1,Mark2011
1100,5/2/11,30.92425,-81.82061667,10//11,550,1.85,Mark2011
1101,5/2/11,30.92425,-81.82061667,10//11,417,0.747,Mark2011
1102,5/2/11,30.92425,-81.82061667,10//11,530,1.63,Mark2011
1103,5/2/11,30.92425,-81.82061667,10//11,455,0.955,Mark2011
unk,5/2/11,30.92425,-81.82061667,10//11,272,0.166,Mark2011
1104,5/2/11,30.92425,-81.82061667,10//11,569,2.4,Mark2011
unk,5/2/11,30.92425,-81.82061667,10//11,308,0.249,Mark2011
unk,5/2/11,30.92425,-81.82061667,10//11,280,0.21,Mark2011
1105,5/2/11,30.92425,-81.82061667,10//11,360,0.431,Mark2011
unk,5/2/11,30.92425,-81.82061667,10//11,305,0.263,Mark2011
unk,5/2/11,30.92425,-81.82061667,10//11,300,0.229,Mark2011
unk,5/2/11,30.92425,-81.82061667,10//11,260,0.173,Mark2011
1106,5/2/11,30.92425,-81.82061667,10//11,610,3.3,Mark2011
unk,5/2/11,30.92425,-81.82061667,10//11,332,0.348,Mark2011
unk,5/2/11,30.92425,-81.82061667,10//11,287,0.2,Mark2011
unk,5/2/11,30.92425,-81.82061667,10//11,297,0.239,Mark2011
unk,5/2/11,30.92425,-81.82061667,10//11,230,0.096,Mark2011
unk,5/2/11,30.92425,-81.82061667,10//11,127,0.019,Mark2011
unk,5/2/11,30.92425,-81.82061667,10//11,300,0.255,Mark2011
unk,5/2/11,30.92425,-81.82061667,10//11,205,0.088,Mark2011
unk,5/2/11,30.92425,-81.82061667,10//11,250,0.149,Mark2011
unk,5/2/11,30.92425,-81.82061667,10//11,217,0.084,Mark2011
1107,5/2/11,30.92425,-81.82061667,10//11,603,2.25,Mark2011
unk,5/2/11,30.92425,-81.82061667,10//11,175,0.045,Mark2011
unk,5/2/11,30.92425,-81.82061667,10//11,242,0.13,Mark2011
1108,5/2/11,30.92425,-81.82061667,10//11,615,2.9,Mark2011
unk,5/2/11,30.92425,-81.82061667,10//11,262,0.166,Mark2011
unk,5/2/11,30.92425,-81.82061667,10//11,190,0.059,Mark2011
unk,5/2/11,30.92425,-81.82061667,10//11,187,0.052,Mark2011
unk,5/2/11,30.92425,-81.82061667,10//11,180,0.044,Mark2011
unk,5/2/11,30.92425,-81.82061667,10//11,250,0.143,Mark2011
unk,5/2/11,30.92425,-81.82061667,10//11,137,0.022,Mark2011
unk,5/2/11,30.92425,-81.82061667,10//11,152,0.035,Mark2011
unk,5/2/11,30.92425,-81.82061667,10//11,142,0.028,Mark2011
unk,5/2/11,30.92425,-81.82061667,10//11,105,0.011,Mark2011
unk,5/2/11,30.92425,-81.82061667,10//11,165,0.048,Mark2011
unk,5/2/11,30.92425,-81.82061667,10//11,200,0.069,Mark2011
unk,5/2/11,30.92425,-81.82061667,10//11,157,0.034,Mark2011
1109,5/2/11,30.92425,-81.82061667,10//11,400,0.646,Mark2011
unk,5/2/11,30.92425,-81.82061667,10//11,290,0.241,Mark2011
unk,5/2/11,30.92425,-81.82061667,10//11,260,0.0171,Mark2011
unk,5/2/11,30.92425,-81.82061667,10//11,190,0.061,Mark2011
unk,5/2/11,30.92425,-81.82061667,10//11,185,0.061,Mark2011
unk,5/2/11,30.92425,-81.82061667,10//11,212,0.091,Mark2011
557,4/27/11,30.90786667,-81.90506667,9,675,4.65,Recap2011
396,9/7/11,30.96866667,-81.90123333,8,663,3.277,Recap2011
559,10/4/11,30.88973333,-81.84935,10,960,11.3,Recap2011
1015,5/23/11,30.95566667,-81.95566667,8,437,0.817,Recap2011
1017,5/24/11,30.94533333,-81.89966667,9,435,0.829,Recap2011
1054,5/24/11,30.9128,-81.90823333,9,360,0.407,Recap2011
1053,5/24/11,30.91563333,-81.90321667,9,472,1.152,Recap2011
1048,5/25/11,30.9004,-81.83095,10,605,2.74,Recap2011
1023,5/25/11,30.90161667,-81.82615,10,715,5.448,Recap2011
1089,5/25/11,30.91513333,-81.81803333,10,372,0.439,Recap2011
1076,5/26/11,30.92575,-81.81593333,11,400,0.645,Recap2011
1082,5/26/11,30.93956667,-81.8157,11,572,2.122,Recap2011
1098,5/26/11,30.9702,-81.79826667,11,510,1.995,Recap2011
1050,8/9/11,30.8648,-81.90145,9,763,5.2,Recap2011
1066,8/9/11,30.91256667,-81.90133333,9,611,2.184,Recap2011
1032,8/9/11,30.90673333,-81.89751667,9,825,6.8,Recap2011
1012,8/9/11,30.90483333,-81.88376667,9,890,9,Recap2011
1040,8/9/11,30.90655,-81.87451667,9,567,1.691,Recap2011
1063,8/10/11,30.90748333,-81.87375,10,635,2.81,Recap2011
1047,8/10/11,30.90885,-81.8263,10,556,1.817,Recap2011
1073,8/11/01,30.9679,-81.81075,11,525,1.036,Recap2011
1027,8/11/01,30.9684,-81.80551667,11,715,4.498,Recap2011
1101,8/11/01,30.97038333,-81.79675,11,502,1.281,Recap2011
1039,8/23/11,30.9021,-81.87483333,9,703,4.2,Recap2011
1099,8/24/11,30.9381,-81.8118,11,470,1.118,Recap2011
1105,8/24/11,30.93936667,-81.8149,11,570,2.34,Recap2011
1094,8/24/11,30.96761667,-81.80828333,11,495,1.705,Recap2011
1080,8/24/11,30.96913333,-81.78783333,11,416,0.717,Recap2011
1057,9/20/11,30.90781667,-81.82988333,10,744,5.312,Recap2011
1078,9/20/11,30.91768333,-81.81728333,10,690,4.359,Recap2011
1006,10/4/11,30.90963333,-81.8708,10,1036,16.4,Recap2011
1046,10/4/11,30.90455,-81.86005,10,660,3.39,Recap2011
1044,10/4/11,30.90371667,-81.82688333,10,530,1.506,Recap2011
1088,10/4/11,30.90866667,-81.82958333,10,418,0.64,Recap2011
1070,10/4/11,30.90976667,-81.82383333,10,696,4.41,Recap2011
1106,10/5/11,30.94568333,-81.82183333,11,675,4.981,Recap2011
1065,4/17/12,30.90436667,-81.88055,9,505,1.4,Recap2011
1085,4/18/12,30.92476667,-81.81985,10,583,2.25,Recap2011
1110,4/16/12,30.94571667,-81.90786667,9,665,3.092,Mark2012
1111,4/16/12,30.94571667,-81.90786667,9,590,2.535,Mark2012
1112,4/16/12,30.94571667,-81.90786667,9,395,0.669,Mark2012
1113,4/16/12,30.94571667,-81.90786667,9,660,4.3,Mark2012
1114,4/16/12,30.94571667,-81.90786667,9,740,6.1,Mark2012
1115,4/16/12,30.94571667,-81.90786667,9,356,0.39,Mark2012
1116,4/16/12,30.94571667,-81.90786667,9,555,1.882,Mark2012
1065,4/17/12,30.90436667,-81.88055,10,505,1.4,Mark2012
1117,4/17/12,30.94543333,-81.89985,9,810,6.75,Mark2012
1118,4/17/12,30.94543333,-81.89985,9,690,4.8,Mark2012
1119,4/17/12,30.94543333,-81.89985,9,575,2.3,Mark2012
1120,4/17/12,30.94543333,-81.89985,9,620,2.6,Mark2012
1121,4/17/12,30.94543333,-81.89985,9,360,0.421,Mark2012
1122,4/17/12,30.94543333,-81.89985,9,442,0.95,Mark2012
1123,4/17/12,30.94543333,-81.89985,9,350,0.399,Mark2012
1124,4/17/12,30.94543333,-81.89985,9,512,1.5,Mark2012
1126,4/17/12,30.94543333,-81.89985,9,695,3.95,Mark2012
1127,4/17/12,30.94543333,-81.89985,9,405,0.607,Mark2012
1128,4/17/12,30.94543333,-81.89985,9,575,2.1,Mark2012
1129,4/17/12,30.94543333,-81.89985,9,535,1.7,Mark2012
1130,4/17/12,30.94543333,-81.89985,9,490,1.526,Mark2012
1131,4/17/12,30.94543333,-81.89985,9,367,0.513,Mark2012
1132,4/17/12,30.94543333,-81.89985,9,365,0.55,Mark2012
1133,4/17/12,30.94543333,-81.89985,9,350,0.365,Mark2012
1134,4/17/12,30.94543333,-81.89985,9,350,0.387,Mark2012
1135,4/17/12,30.94543333,-81.89985,9,380,0.565,Mark2012
1136,4/17/12,30.94543333,-81.89985,9,352,0.399,Mark2012
1085,4/18/12,30.92476667,-81.81985,10,583,2.25,Mark2012
1138,4/18/12,30.89472222,-81.79861111,11,638,3.35,Mark2012
1139,4/18/12,30.89472222,-81.79861111,11,742,5.25,Mark2012
1140,4/18/12,30.89472222,-81.79861111,11,720,5.35,Mark2012
1141,4/18/12,30.89472222,-81.79861111,11,690,4.4,Mark2012
1142,4/18/12,30.89472222,-81.79861111,11,655,3.55,Mark2012
1143,4/18/12,30.89472222,-81.79861111,11,595,2.8,Mark2012
1144,4/18/12,30.89472222,-81.79861111,11,607,2.4,Mark2012
1145,4/18/12,30.89472222,-81.79861111,11,472,1.033,Mark2012
1146,4/18/12,30.89472222,-81.79861111,11,585,2.4,Mark2012
1147,4/18/12,30.89472222,-81.79861111,11,420,0.679,Mark2012
1148,4/18/12,30.89472222,-81.79861111,11,372,0.51,Mark2012
1149,4/18/12,30.89472222,-81.79861111,11,450,0.95,Mark2012
1150,4/18/12,30.89472222,-81.79861111,11,350,0.357,Mark2012
1151,4/18/12,30.89472222,-81.79861111,11,575,1.95,Mark2012
1152,4/18/12,30.89472222,-81.79861111,11,495,1.25,Mark2012
1153,4/18/12,30.89472222,-81.79861111,11,350,0.364,Mark2012
1154,4/18/12,30.89472222,-81.79861111,11,545,1.75,Mark2012
1155,4/18/12,30.89472222,-81.79861111,11,660,3.7,Mark2012
1156,4/18/12,30.89472222,-81.79861111,11,425,0.78,Mark2012
1157,4/18/12,30.89472222,-81.79861111,11,352,0.448,Mark2012
1158,4/18/12,30.89472222,-81.79861111,11,430,0.848,Mark2012
1159,4/18/12,30.89472222,-81.79861111,11,520,1.6,Mark2012
1160,4/18/12,30.89472222,-81.79861111,11,465,1.022,Mark2012
1161,4/18/12,30.89472222,-81.79861111,11,410,0.718,Mark2012
1162,4/18/12,30.89472222,-81.79861111,11,422,0.653,Mark2012
1163,4/18/12,30.89472222,-81.79861111,11,477,0.967,Mark2012
1164,4/18/12,30.89472222,-81.79861111,11,482,1.095,Mark2012
1165,4/18/12,30.89472222,-81.79861111,11,525,1.35,Mark2012
1166,4/18/12,30.89472222,-81.79861111,11,607,2.3,Mark2012
1167,4/18/12,30.89472222,-81.79861111,11,582,2.15,Mark2012
1168,4/18/12,30.89472222,-81.79861111,11,371,0.449,Mark2012
1169,4/18/12,30.89472222,-81.79861111,11,356,0.466,Mark2012
1170,4/18/12,30.89472222,-81.79861111,11,540,1.95,Mark2012
1171,4/18/12,30.89472222,-81.79861111,11,453,0.968,Mark2012
1172,4/18/12,30.89472222,-81.79861111,11,387,0.544,Mark2012
1173,4/18/12,30.89472222,-81.79861111,11,352,0.413,Mark2012
1174,4/18/12,30.89472222,-81.79861111,11,565,2,Mark2012
1175,4/18/12,30.89472222,-81.79861111,11,592,2.35,Mark2012
1176,4/18/12,30.89472222,-81.79861111,11,437,0.799,Mark2012
1177,4/18/12,30.89472222,-81.79861111,11,520,1.6,Mark2012
1178,4/18/12,30.89472222,-81.79861111,11,570,1.85,Mark2012
1179,4/18/12,30.89472222,-81.79861111,11,645,2.85,Mark2012
1180,4/18/12,30.89472222,-81.79861111,11,550,1.85,Mark2012
1181,4/18/12,30.89472222,-81.79861111,11,510,1.35,Mark2012
1182,4/18/12,30.89472222,-81.79861111,11,880,10.55,Mark2012
1115,5/14/12,30.96968333,-81.9024,8,348,399,Recap2012
1037,5/15/12,30.91258333,-81.9077,9,619,2657,Recap2012
1124,5/15/12,30.91475,-81.915,9,515,1425,Recap2012
1133,5/15/12,30.90776667,-81.90518333,9,332,330,Recap2012
1130,5/15/12,30.907,-81.89756667,9,658,3010,Recap2012
1119,5/16/12,30.89146667,-81.84216667,10,590,1943,Recap2012
1059,5/16/12,30.89288333,-81.8401,10,750,4196,Recap2012
1159,5/16/12,30.922,-81.82316667,10,525,1598,Recap2012
1171,5/17/12,30.93201667,-81.8133,11,459,1017,Recap2012
1143,5/31/12,30.90478333,-81.84066667,10,625,3183,Recap2012
1056,5/31/12,30.90795,-81.8301,10,615,2432,Recap2012
1084,6/13/12,30.94198333,-81.81938333,11,733,4639,Recap2012
1165,6/13/12,30.94625,-81.82346667,11,545,1673,Recap2012
1170,6/13/12,30.94625,-81.82346667,11,649,2853,Recap2012
1156,6/13/12,30.96991667,-81.79975,11,436,857,Recap2012
1147,8/9/12,30.97916667,-81.76146667,11,492,1.151,Recap2012
1113,8/28/12,30.90795,-81.90488333,9,710,4.242,Recap2012
1018,8/30/12,30.96835,-81.80605,11,715,4.44,Recap2012
1174,7/3/13,30.93802222,-81.81173611,11,680,4.432,Recap2013
1178,7/3/13,30.94901667,-81.82205278,11,690,3.699,Recap2013
1093,7/3/13,30.937775,-81.81392222,11,775,5.373,Recap2013
1068,8/14/13,30.90761667,-81.83213333,10,786,5.533,Recap2013
1161,8/14/13,30.9087,-81.82698333,10,576,2.008,Recap2013
1154,9/16/13,30.916467,-81.8176,10,636,2.908,Recap2013
